-- phpMyAdmin SQL Dump
-- version 4.8.2
-- https://www.phpmyadmin.net/
--
-- Host: 127.0.0.1
-- Generation Time: Mar 15, 2019 at 02:07 PM
-- Server version: 10.1.34-MariaDB
-- PHP Version: 7.2.7

SET SQL_MODE = "NO_AUTO_VALUE_ON_ZERO";
SET AUTOCOMMIT = 0;
START TRANSACTION;
SET time_zone = "+00:00";


/*!40101 SET @OLD_CHARACTER_SET_CLIENT=@@CHARACTER_SET_CLIENT */;
/*!40101 SET @OLD_CHARACTER_SET_RESULTS=@@CHARACTER_SET_RESULTS */;
/*!40101 SET @OLD_COLLATION_CONNECTION=@@COLLATION_CONNECTION */;
/*!40101 SET NAMES utf8mb4 */;

--
-- Database: `crm_enextit`
--

-- --------------------------------------------------------

--
-- Table structure for table `access_by_group`
--

CREATE TABLE `access_by_group` (
  `id` int(40) NOT NULL,
  `authorization_id` int(40) NOT NULL,
  `controller_name` varchar(100) NOT NULL,
  `function_name` varchar(100) NOT NULL
) ENGINE=InnoDB DEFAULT CHARSET=latin1;

--
-- Dumping data for table `access_by_group`
--

INSERT INTO `access_by_group` (`id`, `authorization_id`, `controller_name`, `function_name`) VALUES
(1, 1, 'frenchise', 'add_frenchise'),
(2, 0, 'frenchise', 'add_frenchise'),
(3, 0, 'account', 'invoice_list'),
(4, 0, 'crn', 'add_crn'),
(5, 1, 'frenchise', 'frenchise_list'),
(6, 0, 'frenchise', 'edit'),
(7, 1, 'frenchise', 'edit'),
(8, 1, 'plan', 'add_plan'),
(9, 1, 'plan', 'edit'),
(10, 1, 'plan', 'plan_list'),
(11, 1, 'staff', 'add_staff'),
(12, 1, 'staff', 'staff_list'),
(13, 2, 'staff', 'staff_list'),
(14, 1, 'admin', 'dashboard'),
(15, 2, 'admin', 'dashboard'),
(16, 1, 'admin', 'dashBoardCounting'),
(17, 0, 'admin', 'dashBoardCounting'),
(19, 2, 'admin', 'dashBoardCounting'),
(20, 1, 'recharge', 'recharge_panel'),
(21, 2, 'recharge', 'recharge_panel'),
(22, 1, 'recharge', 'add_recharge'),
(23, 2, 'recharge', 'add_recharge'),
(24, 1, 'recharge', 'auto_suggestion_in_recharge'),
(25, 2, 'recharge', 'auto_suggestion_in_recharge'),
(26, 1, 'recharge', 'autofill'),
(27, 2, 'recharge', 'autofill'),
(28, 1, 'recharge', 'recharge_history'),
(29, 2, 'recharge', 'recharge_history'),
(30, 1, 'recharge', 'attend_type'),
(31, 2, 'recharge', 'attend_type'),
(32, 1, 'setting', 'index'),
(33, 0, 'setting', 'index'),
(34, 0, 'setting', 'add'),
(35, 0, 'setting', 'frenchise_setting'),
(36, 1, 'setting', 'frenchise_setting'),
(37, 1, 'setting', 'add'),
(38, 0, 'setting', 'frenchise_setting_edit'),
(39, 1, 'setting', 'frenchise_setting_edit'),
(40, 1, 'ticket', 'add_ticket'),
(41, 2, 'ticket', 'add_ticket'),
(42, 1, 'ticket', 'add'),
(43, 2, 'ticket', 'add'),
(44, 1, 'ticket', 'open_ticket'),
(45, 2, 'ticket', 'open_ticket'),
(46, 1, 'ticket', 'close_ticket'),
(47, 2, 'ticket', 'close_ticket'),
(48, 1, 'ticket', ' my_close_ticket'),
(49, 2, 'ticket', ' my_close_ticket'),
(50, 1, 'ticket', 'my_open_ticket'),
(51, 2, 'ticket', ' my_open_ticket'),
(52, 1, 'ticket', 'statusChange'),
(53, 2, 'ticket', 'statusChange'),
(54, 1, 'ticket', 'existing_add'),
(55, 2, 'ticket', 'existing_add'),
(56, 3, 'ticket', 'log_ticket_by_no'),
(57, 1, 'reports', 'invoice_report'),
(58, 2, 'reports', 'invoice_report'),
(59, 1, 'reports', 'debit_credit_report'),
(60, 2, 'reports', 'debit_credit_report'),
(61, 1, 'reports', 'user_ledger_report'),
(62, 2, 'reports', 'user_ledger_report'),
(63, 1, 'reports', 'reciept_report'),
(64, 2, 'reports', 'reciept_report'),
(65, 1, 'caf', 'add_caf'),
(66, 2, 'caf', 'add_caf'),
(67, 1, 'caf', 'add_caf_process'),
(68, 2, 'caf', 'masterProof'),
(69, 1, 'caf', 'masterProof'),
(70, 1, 'caf', 'all_caf_list'),
(71, 2, 'caf', 'all_caf_list'),
(72, 1, 'caf', 'edit'),
(73, 2, 'caf', 'edit'),
(74, 1, 'caf', 'get_caf'),
(75, 2, 'caf', 'get_caf'),
(76, 1, 'caf', 'one_time_installment_form'),
(77, 2, 'caf', 'one_time_installment_form'),
(78, 1, 'caf', 'add_installment_fee'),
(79, 2, 'caf', 'add_installment_fee'),
(80, 1, 'account', 'invoice'),
(81, 2, 'account', 'invoice'),
(82, 1, 'account', 'collect_information_invoices'),
(83, 2, 'account', 'collect_information_invoices'),
(84, 1, 'account', 'reciept'),
(85, 2, 'account', 'reciept'),
(86, 1, 'account', 'get_reciept_id'),
(87, 2, 'account', 'get_reciept_id'),
(88, 1, 'account', 'get_invoice_id'),
(89, 2, 'account', 'get_invoice_id'),
(90, 1, 'account', 'get_invoice'),
(91, 2, 'account', 'get_invoice'),
(92, 1, 'account', 'get_reciept'),
(93, 2, 'account', 'get_reciept'),
(94, 1, 'account', 'add_wallet'),
(95, 1, 'account', 'invoice_list'),
(96, 2, 'account', 'invoice_list'),
(97, 1, 'account', 'invoice_list_condition'),
(98, 2, 'account', 'invoice_list_condition'),
(99, 1, 'account', 'postpaid_billing'),
(100, 1, 'account', 'autogenerated_username_password'),
(101, 2, 'account', 'autogenerated_username_password'),
(102, 1, 'group', 'add_group'),
(103, 1, 'group', 'add'),
(104, 1, 'group', 'all_group_list'),
(105, 2, 'group', 'all_group_list'),
(106, 1, 'group', 'group_info'),
(107, 2, 'group', 'group_info'),
(108, 1, 'group', 'mapGroupMember'),
(109, 2, 'group', 'mapGroupMember'),
(110, 1, 'group', 'deleteMember'),
(111, 1, 'group', 'deleteGroup'),
(112, 1, 'group', 'my_group'),
(113, 2, 'group', 'my_group'),
(114, 1, 'group', 'edit'),
(115, 1, 'task', 'add_task'),
(116, 1, 'task', 'add'),
(117, 1, 'task', 'task_list'),
(118, 2, 'task', 'task_list'),
(119, 1, 'ticket', 'ticket_list'),
(120, 2, 'ticket', 'ticket_list'),
(121, 1, 'ticket', 'ticket_response'),
(122, 2, 'ticket', 'ticket_response'),
(123, 1, 'ticket', 'log_ticket_by_ticket_no'),
(124, 2, 'ticket', 'log_ticket_by_ticket_no'),
(125, 1, 'nas', 'add_nas'),
(126, 1, 'nas', 'add'),
(127, 1, 'nas', 'nas_list'),
(128, 1, 'nas', 'remove'),
(129, 1, 'nas', 'edit_view'),
(130, 1, 'nas', 'edit'),
(131, 1, 'nas', 'validateIpAddress'),
(132, 3, 'profile', 'dashboard'),
(133, 3, 'profile', 'user_details_in_profiles'),
(134, 3, 'profile', 'user_details_in_profiles_by_caf'),
(135, 3, 'profile', 'user_caf'),
(136, 3, 'profile', 'invoice_list_user'),
(137, 3, 'profile', 'user_ledger'),
(138, 3, 'profile', 'update_profile'),
(139, 3, 'profile', 'check_password'),
(140, 3, 'profile', 'change_password'),
(141, 3, 'profile', 'get_plan_user'),
(142, 3, 'profile', 'user_logout'),
(143, 0, 'super_admin', 'dashboard'),
(144, 0, 'super_admin', 'add'),
(145, 0, 'super_admin', ''),
(146, 0, 'super_admin', 'dashBoardCounting'),
(147, 0, 'super_admin', 'list_frenchise'),
(148, 0, 'frenchise', 'frenchise_list'),
(149, 1, 'log', 'user_audit'),
(150, 2, 'log', 'user_audit'),
(151, 3, 'log', 'user_audit'),
(152, 1, 'plan', 'searchPlan'),
(153, 2, 'plan', 'searchPlan'),
(154, 1, 'plan', 'selectPlanType'),
(155, 2, 'plan', 'selectPlanType'),
(156, 1, 'admin', 'salesChart'),
(157, 2, 'admin', 'salesChart'),
(158, 1, 'crn', 'getCrnNumber'),
(159, 2, 'crn', 'getCrnNumber'),
(160, 1, 'category', 'categoryTree'),
(161, 2, 'category', 'categoryTree'),
(162, 1, 'ticket', 'getSearchResult'),
(163, 2, 'ticket', 'getSearchResult'),
(164, 1, 'ticket', 'autofill'),
(165, 2, 'ticket', 'autofill'),
(166, 1, 'ticket', 'reply'),
(167, 2, 'ticket', 'reply'),
(168, 1, 'crn', 'add_crn'),
(169, 2, 'crn', 'add_crn'),
(170, 1, 'crn', 'add_crn_process'),
(171, 2, 'crn', 'add_crn_process'),
(172, 1, 'crn', 'all_user_list'),
(173, 2, 'crn', 'all_user_list'),
(174, 1, 'crn', 'edit'),
(175, 2, 'crn', 'edit'),
(176, 1, 'crn', 'mobileCheck'),
(177, 1, 'crn', 'quick_add'),
(178, 1, 'crn', 'quick_add_process'),
(179, 1, 'crn', 'getCrnNumber'),
(180, 2, 'crn', 'getCrnNumber'),
(181, 2, 'crn', 'quick_add'),
(182, 2, 'crn', 'quick_add_process'),
(183, 2, 'crn', 'mobileCheck'),
(184, 1, 'plan', 'selectPlan'),
(185, 2, 'plan', 'selectPlan'),
(186, 1, 'sms', 'index'),
(187, 2, 'sms', 'index'),
(188, 1, 'sms', 'send_sms'),
(189, 2, 'sms', 'send_sms'),
(190, 1, 'sms', 'send_sms_notification'),
(191, 2, 'sms', 'send_sms_notification'),
(192, 1, 'account', 'frenchise_info'),
(193, 2, 'account', 'frenchise_info'),
(194, 2, 'ticket', 'my_open_ticket'),
(195, 1, 'frenchise', 'add'),
(196, 0, 'frenchise', 'add'),
(197, 0, 'frenchise', 'other_frenchise_session'),
(198, 1, 'frenchise', 'other_frenchise_session'),
(199, 1, 'staff', 'add'),
(200, 1, 'plan', 'add'),
(201, 1, 'ticket', 'existing_add'),
(202, 2, 'ticket', 'existing_add'),
(203, 1, 'ticket', 'statusChange'),
(204, 2, 'ticket', 'statusChange'),
(205, 1, 'admin', 'checkPassword'),
(206, 2, 'admin', 'checkPassword'),
(207, 1, 'admin', 'changePassword'),
(208, 2, 'admin', 'changePassword'),
(209, 1, 'admin', 'change'),
(210, 2, 'admin', 'change'),
(211, 0, 'super_admin', 'frenchise_list'),
(212, 0, 'super_admin', 'frenchise_tree_view'),
(213, 0, 'super_admin', 'tree'),
(214, 1, 'account', 'postpaid_billing'),
(215, 2, 'account', 'postpaid_billing'),
(216, 1, 'account', 'add_wallet'),
(217, 2, 'account', 'add_wallet'),
(218, 3, 'account', 'add_wallet'),
(219, 1, 'recharge', 'get_end_date'),
(220, 2, 'recharge', 'get_end_date'),
(221, 1, 'recharge', 'bill_paid_process'),
(222, 2, 'recharge', 'bill_paid_process'),
(223, 1, 'recharge', 'bill_paid'),
(224, 2, 'recharge', 'bill_paid'),
(225, 1, 'account', 'advance_rental'),
(226, 2, 'account', 'advance_rental'),
(227, 1, 'caf', 'activate_caf'),
(228, 2, 'caf', 'activate_caf'),
(229, 1, 'caf', 'deactivate_caf'),
(230, 2, 'caf', 'deactivate_caf'),
(231, 1, 'account', 'get_tax'),
(232, 2, 'account', 'get_tax'),
(233, 3, 'account', 'get_tax'),
(234, 1, 'account', 'revenue_count'),
(235, 0, 'account', 'revenue_count'),
(236, 1, 'account', 'dot_count'),
(237, 1, 'plan', 'assign_plan'),
(238, 2, 'plan', 'assign_plan'),
(239, 1, 'plan', 'assign'),
(240, 2, 'plan', 'assign'),
(241, 0, 'super_admin', 'list_frenchise'),
(242, 0, 'super_admin', 'add_frenchise'),
(243, 0, 'super_admin', 'edit'),
(244, 0, 'super_admin', 'update'),
(245, 1, 'account', 'my_wallet'),
(246, 1, 'reports', 'tax_report'),
(247, 2, 'reports', 'tax_report'),
(248, 1, 'task', 'delete_task'),
(249, 2, 'task', 'delete_task'),
(250, 1, 'setting', 'setting_billing'),
(251, 1, 'setting', 'file_upload'),
(252, 1, 'profile', 'username_change'),
(253, 2, 'profile', 'username_change'),
(254, 1, 'account', 'revanue_count'),
(255, 1, 'recharge', 'auto_suggestion_in_recharge_other'),
(256, 2, 'recharge', 'auto_suggestion_in_recharge_other'),
(257, 1, 'plan', 'deactivate_plan'),
(258, 2, 'plan', 'deactivate_plan'),
(259, 1, 'staff', 'delete_member'),
(260, 1, 'plan', 'secondry_plan_list'),
(261, 2, 'plan', 'secondry_plan_list'),
(262, 1, 'profile', 'user_details_in_profiles_by_caf'),
(263, 2, 'profile', 'user_details_in_profiles_by_caf');

-- --------------------------------------------------------

--
-- Table structure for table `access_by_indivisual`
--

CREATE TABLE `access_by_indivisual` (
  `user_id` int(30) NOT NULL,
  `controller_name` varchar(50) NOT NULL,
  `function_name` varchar(40) NOT NULL
) ENGINE=InnoDB DEFAULT CHARSET=latin1;

--
-- Dumping data for table `access_by_indivisual`
--

INSERT INTO `access_by_indivisual` (`user_id`, `controller_name`, `function_name`) VALUES
(3, 'frenchise', 'add_frenchise');

-- --------------------------------------------------------

--
-- Table structure for table `account_transaction`
--

CREATE TABLE `account_transaction` (
  `id` int(11) NOT NULL,
  `debit` varchar(30) NOT NULL DEFAULT '0',
  `credit` varchar(40) NOT NULL DEFAULT '0',
  `reference_type` int(10) NOT NULL,
  `reference_id` varchar(40) NOT NULL,
  `invoice_id` varchar(30) DEFAULT NULL,
  `reciept_id` varchar(40) DEFAULT NULL,
  `customer_id` varchar(3) DEFAULT NULL,
  `f_id` varchar(40) NOT NULL,
  `created_at` datetime NOT NULL
) ENGINE=InnoDB DEFAULT CHARSET=latin1;

--
-- Dumping data for table `account_transaction`
--

INSERT INTO `account_transaction` (`id`, `debit`, `credit`, `reference_type`, `reference_id`, `invoice_id`, `reciept_id`, `customer_id`, `f_id`, `created_at`) VALUES
(68, '3068', '0', 1, '4', '4', NULL, '16', '1', '2019-02-25 15:42:33'),
(69, '0', '3068', 2, '7', '-', '7', '16', '1', '2019-02-25 16:27:13'),
(70, '1534', '0', 1, '5', '5', '-', '20', '1', '2019-02-25 17:32:04'),
(71, '0', '1534', 2, '8', '-', '8', '20', '1', '2019-02-26 11:53:21'),
(72, '3929.4', '0', 1, '6', '6', '-', '19', '1', '2019-02-26 15:40:50'),
(73, '0', '0', 1, '7', '7', '-', '', '1', '2019-02-28 17:07:33'),
(74, '1534', '0', 1, '8', '8', '-', '16', '1', '2019-02-28 17:41:52'),
(75, '1534', '0', 1, '9', '9', '-', '16', '1', '2019-03-01 13:10:26'),
(76, '0', '1534', 2, '9', '-', '9', '16', '1', '2019-03-01 13:10:26'),
(77, '35.4', '0', 1, '10', '10', '-', '20', '1', '2019-03-01 16:14:38'),
(78, '0', '35', 2, '10', '-', '10', '20', '1', '2019-03-01 16:14:38'),
(79, '2430.8', '0', 1, '11', '11', '-', '20', '1', '2019-03-01 16:23:46'),
(80, '3068', '0', 1, '12', '12', '-', '19', '1', '2019-03-01 17:18:58'),
(81, '1534', '0', 1, '13', '13', '-', '19', '1', '2019-03-01 17:26:53'),
(82, '0', '1534', 2, '11', '-', '11', '19', '1', '2019-03-01 17:26:53'),
(83, '2720', '0', 1, '14', '14', '-', '22', '1', '2019-03-02 16:30:06'),
(84, '0', '2360', 2, '12', '-', '12', '22', '1', '2019-03-02 16:30:06'),
(85, '4720', '0', 1, '15', '15', '-', '27', '1', '2019-03-02 16:32:15'),
(86, '0', '4720', 2, '13', '-', '13', '27', '1', '2019-03-02 16:32:15'),
(87, '472', '0', 1, '16', '16', '-', '19', '1', '2019-03-04 10:46:17'),
(88, '708', '0', 1, '17', '17', '-', '19', '1', '2019-03-04 11:30:25'),
(89, '472', '0', 1, '18', '18', '-', '16', '1', '2019-03-04 11:39:05'),
(90, '0', '472', 2, '14', '-', '14', '16', '1', '2019-03-04 11:39:05'),
(91, '236', '0', 1, '19', '19', '-', '20', '1', '2019-03-04 11:40:38'),
(92, '0', '236', 2, '15', '-', '15', '20', '1', '2019-03-04 11:40:38'),
(93, '30', '0', 1, '20', '1', '-', '', '7', '2019-03-04 16:03:52'),
(94, '0', '35', 2, '16', '-', '1', '', '7', '2019-03-04 16:03:52'),
(95, '30', '0', 1, '21', '2', '-', '32', '7', '2019-03-04 16:18:30'),
(96, '0', '35', 2, '17', '-', '2', '32', '7', '2019-03-04 16:18:30'),
(97, '32', '0', 1, '22', '3', '-', '32', '7', '2019-03-04 17:17:48'),
(98, '0', '32', 2, '18', '-', '3', '32', '7', '2019-03-04 17:17:48'),
(99, '30', '0', 1, '23', '4', '-', '32', '7', '2019-03-04 17:36:21'),
(100, '30', '0', 1, '24', '5', '-', '32', '7', '2019-03-04 17:37:43'),
(101, '30', '0', 1, '25', '1', '-', '', '9', '2019-03-04 18:02:02'),
(102, '30', '0', 1, '26', '2', '-', '', '9', '2019-03-04 18:35:27'),
(103, '30', '0', 1, '27', '3', '-', '', '9', '2019-03-04 18:39:04'),
(104, '236', '0', 1, '28', '20', '-', '19', '1', '2019-03-05 14:55:28'),
(105, '0', '236', 2, '19', '-', '16', '19', '1', '2019-03-05 14:55:28'),
(106, '0', '0', 1, '29', '21', '-', '16', '1', '2019-03-05 15:22:12'),
(107, '1534', '0', 1, '30', '22', '-', '16', '1', '2019-03-05 15:31:29'),
(108, '0', '1534', 2, '20', '-', '17', '16', '1', '2019-03-05 15:31:29'),
(109, '1534', '0', 1, '31', '23', '-', '19', '1', '2019-03-05 15:32:38'),
(110, '0', '1534', 2, '21', '-', '18', '19', '1', '2019-03-05 15:32:39'),
(111, '1534', '0', 1, '32', '24', '-', '19', '1', '2019-03-05 15:59:15'),
(112, '0', '1534', 2, '22', '-', '19', '19', '1', '2019-03-05 15:59:15'),
(113, '0', '0', 1, '33', '25', '-', '16', '1', '2019-03-05 16:34:06'),
(114, '236', '0', 1, '34', '26', '-', '19', '1', '2019-03-05 17:36:09'),
(115, '10350', '0', 1, '35', '1', '', '34', '12', '2019-03-06 11:25:46'),
(116, '0', '10350', 2, '23', '', '1', '34', '12', '2019-03-06 11:25:46'),
(117, '11500', '0', 1, '36', '2', '', '34', '12', '2019-03-06 18:51:51'),
(118, '0', '11500', 2, '24', '', '2', '34', '12', '2019-03-06 18:51:51'),
(119, '11500', '0', 1, '37', '3', '', '34', '12', '2019-03-07 10:33:19'),
(120, '0', '11500', 2, '25', '', '3', '34', '12', '2019-03-07 10:33:19'),
(121, '23000', '0', 1, '38', '4', '', '34', '12', '2019-03-07 11:01:59'),
(122, '0', '23000', 2, '26', NULL, '4', '34', '12', '2019-03-07 11:02:00'),
(123, '34500', '0', 1, '39', '5', '', '34', '12', '2019-03-07 11:05:20'),
(124, '0', '15000', 2, '27', NULL, '5', '34', '12', '2019-03-07 11:05:20'),
(125, '360', '0', 1, '40', '1', NULL, '39', '13', '2019-03-07 13:14:42'),
(126, '0', '300', 2, '28', NULL, '1', '39', '13', '2019-03-07 13:14:42'),
(127, '1620', '0', 1, '41', '1', NULL, '41', '14', '2019-03-07 15:25:27'),
(128, '0', '1000', 2, '29', NULL, '1', '41', '14', '2019-03-07 15:25:27'),
(129, '0', '500', 2, '30', NULL, '2', '41', '14', '2019-03-07 15:26:35'),
(130, '430', '0', 1, '42', '2', NULL, '42', '14', '2019-03-12 12:14:18'),
(131, '0', '430', 2, '31', NULL, '2', '42', '14', '2019-03-12 12:16:08'),
(132, '450', '0', 1, '43', '3', NULL, '42', '14', '2019-03-12 12:34:56'),
(133, '0', '200', 2, '32', NULL, '3', '42', '14', '2019-03-12 12:36:00'),
(134, '490', '0', 1, '44', '4', NULL, '41', '14', '2019-03-12 13:05:56'),
(135, '0', '50', 2, '33', NULL, '3', '41', '14', '2019-03-12 13:05:56'),
(136, '433', '0', 1, '45', '5', NULL, '42', '14', '2019-03-12 13:10:37'),
(137, '60', '0', 1, '46', '6', NULL, '41', '14', '2019-03-12 14:53:00'),
(138, '0', '10', 2, '34', NULL, '4', '41', '14', '2019-03-12 14:53:01'),
(139, '3000', '0', 1, '47', '7', NULL, '41', '14', '2019-03-12 18:45:49'),
(140, '0', '1000', 2, '35', NULL, '5', '41', '14', '2019-03-12 18:45:49'),
(141, '600', '0', 1, '48', '1', NULL, '44', '15', '2019-03-13 13:02:31'),
(142, '300', '0', 1, '49', '1', NULL, '45', '16', '2019-03-13 13:44:47'),
(143, '0', '200', 2, '36', NULL, '1', '45', '16', '2019-03-13 13:44:48'),
(144, '33', '0', 1, '50', '8', NULL, '41', '14', '2019-03-13 16:46:15'),
(145, '0', '33', 2, '37', NULL, '6', '41', '14', '2019-03-13 16:46:15'),
(146, '50050', '0', 1, '51', '9', NULL, '43', '14', '2019-03-14 12:14:10'),
(147, '0', '50000', 2, '38', NULL, '7', '43', '14', '2019-03-14 12:14:10'),
(148, '28000', '0', 1, '52', '10', NULL, '43', '14', '2019-03-15 11:02:31'),
(149, '0', '500', 2, '39', NULL, '8', '43', '14', '2019-03-15 11:02:31'),
(150, '2800', '0', 1, '53', '1', NULL, '46', '17', '2019-03-15 17:01:09'),
(151, '0', '1500', 2, '40', NULL, '1', '46', '17', '2019-03-15 17:01:09'),
(152, '1700', '0', 1, '54', '2', NULL, '46', '17', '2019-03-15 17:21:31');

-- --------------------------------------------------------

--
-- Table structure for table `category`
--

CREATE TABLE `category` (
  `id` int(10) NOT NULL,
  `category_id` int(10) NOT NULL,
  `f_id` varchar(10) NOT NULL,
  `name` varchar(100) NOT NULL,
  `parent_cat_id` varchar(100) DEFAULT NULL,
  `created_at` datetime NOT NULL
) ENGINE=InnoDB DEFAULT CHARSET=latin1;

--
-- Dumping data for table `category`
--

INSERT INTO `category` (`id`, `category_id`, `f_id`, `name`, `parent_cat_id`, `created_at`) VALUES
(8, 1, '1', 'camera', '0', '2019-01-31 16:16:39'),
(9, 2, '1', 'internet', '0', '2019-01-31 16:17:09'),
(10, 3, '1', 'router', '2', '2019-01-31 16:20:14'),
(11, 1, '2', 'internet', '0', '2019-01-31 16:21:05'),
(16, 2, '2', 'camera', '0', '2019-02-13 15:09:33'),
(17, 4, '1', 'other', '0', '2019-02-18 16:44:45'),
(18, 5, '1', 'electronic', '0', '2019-02-26 14:12:03'),
(19, 1, '7', 'camera', '0', '2019-03-04 12:44:00'),
(20, 2, '7', 'cd', '0', '2019-03-04 13:25:42'),
(21, 3, '7', 'soap', '0', '2019-03-04 13:28:56'),
(22, 4, '7', 'd', '0', '2019-03-04 13:35:30'),
(23, 5, '7', 'biscuite', '0', '2019-03-04 13:52:12'),
(24, 6, '7', 'biscuite', '0', '2019-03-04 13:52:14'),
(25, 7, '7', 'vvvc', '0', '2019-03-04 13:53:09'),
(26, 1, '12', 'electronic', '0', '2019-03-05 18:38:25'),
(27, 2, '12', 'mobile', '1', '2019-03-05 18:45:10'),
(28, 1, '14', 'camera', '0', '2019-03-07 15:21:31'),
(29, 2, '14', 'router', '0', '2019-03-12 18:26:53'),
(30, 1, '15', 'stationary', '0', '2019-03-13 12:54:17'),
(31, 3, '14', 'electronics', '0', '2019-03-14 12:06:28'),
(32, 1, '17', 'electronic', '0', '2019-03-15 16:49:17');

-- --------------------------------------------------------

--
-- Table structure for table `crn`
--

CREATE TABLE `crn` (
  `id` int(10) NOT NULL,
  `name` varchar(20) NOT NULL,
  `email` varchar(30) NOT NULL,
  `mobile` varchar(13) NOT NULL,
  `gender` varchar(10) DEFAULT NULL,
  `address` text,
  `city` varchar(20) DEFAULT NULL,
  `pincode` varchar(7) DEFAULT NULL,
  `f_id` varchar(10) NOT NULL,
  `created_at` datetime NOT NULL
) ENGINE=InnoDB DEFAULT CHARSET=latin1;

--
-- Dumping data for table `crn`
--

INSERT INTO `crn` (`id`, `name`, `email`, `mobile`, `gender`, `address`, `city`, `pincode`, `f_id`, `created_at`) VALUES
(16, 'shubham nayak', 'vivek.et1993@gmail.com', '2311231', 'male', '   213', 'mandla', '491995', '1', '2019-02-07 12:29:54'),
(19, 'rahul', 'rahul@gmail.com', '1312313123', 'male', ' supela ghadi chowk', 'durg', '491001', '1', '2019-02-15 11:21:43'),
(20, 'rana patap singh', 'ranatally118@gmail.com', '9109636660', NULL, 'infront  of camp 2 bhilai', 'bhilai', '490001', '1', '2019-02-18 14:58:32'),
(21, 'rahul', 'rahul@gmail.com', '3223423234', NULL, 'supela ghadi chowk', 'durg', '491001', '1', '2019-02-26 13:46:21'),
(22, 'golu', 'rahul@gmail.com', '4234234234', NULL, 'gudhehari', 'durg', '491001', '1', '2019-02-26 13:49:24'),
(23, 'manish', 'vds4234@sdfsfsdffsdfsdf.com', '3423423423', NULL, 'supela ghadi chowk', 'durg', '491001', '1', '2019-02-26 14:00:16'),
(24, 'fsdfsd', 'v@gmail.com', '2342', NULL, 'erwerw', 'durg', '491001', '1', '2019-02-26 17:50:47'),
(25, 'rahul', 'rahul@gmail.com', '34223423', NULL, 'supela ghadi chowk', 'durg', '491001', '1', '2019-02-26 18:24:58'),
(26, 'prasanth', 'rahul@gmail.com', '4232342342', NULL, 'supela ghadi chowk', 'durg', '491001', '1', '2019-02-26 18:26:10'),
(27, 'vikas bhaskar', 'vikas@gmail.com', '9216321936', NULL, 'biran bazar', 'raipur', '491003', '1', '2019-02-28 16:59:43'),
(28, 'laxmi', 'l@gmail.com', '34234823', NULL, 'hqwuiehiqw', 'raigarh', '2163921', '1', '2019-02-28 17:01:53'),
(29, 'sdf', 'c@gmail.com', '45435', NULL, 'supela ghadi chowk', 'durg', '491001', '1', '2019-02-28 17:04:39'),
(30, 'pushkal', 'rahul@gmail.com', '2342342342', NULL, 'supela ghadi chowk', 'durg', '491001', '1', '2019-02-28 17:07:32'),
(31, 'hemu', 'c@uyfuyf.com', '6546447476', NULL, '6548fiytfiyt ft fyit fiuf uyfo f', 'hyd', '6546546', '1', '2019-02-28 17:17:13'),
(32, 'vivek chourasiay', 'rahul@gmail.com', '5424234234', NULL, 'supela ghadi chowk', 'durg', '491001', '7', '2019-03-04 16:17:05'),
(34, 'raman', 'raman@gmail.com', '2131239213', NULL, 'thakur para ,near sarafa line', 'kabirdham', '491995', '12', '2019-03-06 11:09:04'),
(35, 'tarun', 'rahul@gmail.com', '5423423423', NULL, 'gudhehari', NULL, NULL, '12', '2019-03-07 11:56:37'),
(36, 'virat', 'vivek.et1993@gmail.com', '4242947823', NULL, 'gudhehari', NULL, NULL, '', '2019-03-07 12:00:03'),
(37, 'vivek', 'rahul@gmail.com', '4234242342', 'male', ' supela ghadi chowk', 'bhilai', '491002', '12', '2019-03-07 12:06:42'),
(38, 'vikas', 'vi@gmail.com', '1382538582', NULL, 'supela ghadi chowk', NULL, NULL, '12', '2019-03-07 12:14:14'),
(39, 'vikas sharma', 'rahul@gmail.com', '4623942364', NULL, 'supela ghadi chowk', 'durg', '491001', '13', '2019-03-07 13:10:14'),
(40, 'rahul', 'rahul@gmail.com', '9907429988', NULL, 'supela ghadi chowk', NULL, NULL, '13', '2019-03-07 14:11:31'),
(41, 'rakesh', 'rakesh@gmail.com', '7866876876', NULL, 'sdupela', 'durg', '4767647', '14', '2019-03-07 15:24:24'),
(42, 'manish ', 'v@gmail.com', '4234340242', NULL, 'efefe', 'durg', '4910011', '14', '2019-03-08 11:44:32'),
(43, 'vikas', 'vikas@gmail.com', '3424234234', NULL, 'power house ,durg', NULL, NULL, '14', '2019-03-13 11:07:51'),
(44, 'SAURABH', 'VIVEK@GMAIL.COM', '7648764876', NULL, 'UIGLIUGU PGIL', 'DYEG', '3638486', '15', '2019-03-13 12:59:01'),
(45, 'rahul', 'rahul@gmail.com', '2232424234', NULL, 'gudhehari', 'durg', '491001', '16', '2019-03-13 13:43:57'),
(46, 'pritam kumar', 'pritam@gmail.com', '8532785328', 'male', ' baniya para', 'kawardha', '491010', '17', '2019-03-15 16:32:59'),
(47, 'priyanka', 'pihu@gmail.com', '2785318581', 'female', 'supela, near chandra maurya ', 'bhilai', '491902', '17', '2019-03-15 16:36:49');

-- --------------------------------------------------------

--
-- Table structure for table `customer_balance`
--

CREATE TABLE `customer_balance` (
  `id` int(40) NOT NULL,
  `caf_id` varchar(50) NOT NULL,
  `balance` varchar(50) NOT NULL DEFAULT '0'
) ENGINE=InnoDB DEFAULT CHARSET=latin1;

--
-- Dumping data for table `customer_balance`
--

INSERT INTO `customer_balance` (`id`, `caf_id`, `balance`) VALUES
(1, '1', '72'),
(2, '2', '49'),
(3, '3', '0'),
(4, '4', '0'),
(5, '5', '0'),
(6, '6', '0'),
(7, '7', '0'),
(8, '8', '0'),
(9, '9', '0'),
(10, '10', '9'),
(11, '11', '26'),
(12, '1', '72'),
(13, '2', '49'),
(14, '3', '0'),
(15, '4', '0'),
(16, '5', '0'),
(17, '6', '0'),
(18, '7', '0'),
(19, '8', '0'),
(20, '9', '0'),
(21, '10', '9'),
(22, '11', '26'),
(23, '12', '590'),
(24, '13', '590'),
(25, '14', '48'),
(26, '15', '755');

-- --------------------------------------------------------

--
-- Table structure for table `email_configuration`
--

CREATE TABLE `email_configuration` (
  `id` int(11) NOT NULL,
  `protocol` varchar(30) DEFAULT NULL,
  `smtp_host` varchar(30) DEFAULT NULL,
  `smtp_port` varchar(30) DEFAULT NULL,
  `smtp_user` varchar(30) DEFAULT NULL,
  `smtp_password` varchar(30) DEFAULT NULL,
  `f_id` varchar(20) NOT NULL
) ENGINE=InnoDB DEFAULT CHARSET=latin1;

--
-- Dumping data for table `email_configuration`
--

INSERT INTO `email_configuration` (`id`, `protocol`, `smtp_host`, `smtp_port`, `smtp_user`, `smtp_password`, `f_id`) VALUES
(1, 'smtp', 'mail.9yug.net', '25', 'test@9yug.net', 'test5432@1', '1'),
(2, 'smtp', 'mail.9yug.net', '25', 'test@9yug.net', 'test5432@1', '1'),
(3, 'smtp', 'mail.9yug.net', '25', 'test@9yug.net', 'test5432@1', '0'),
(4, NULL, NULL, NULL, NULL, NULL, '5'),
(5, NULL, NULL, NULL, NULL, NULL, '6'),
(6, NULL, NULL, NULL, NULL, NULL, '7'),
(7, NULL, NULL, NULL, NULL, NULL, '9'),
(8, NULL, NULL, NULL, NULL, NULL, '10'),
(9, NULL, NULL, NULL, NULL, NULL, '11'),
(10, NULL, NULL, NULL, NULL, NULL, '12'),
(11, NULL, NULL, NULL, NULL, NULL, '13'),
(12, NULL, NULL, NULL, NULL, NULL, '14'),
(13, NULL, NULL, NULL, NULL, NULL, '15'),
(14, NULL, NULL, NULL, NULL, NULL, '16'),
(15, NULL, NULL, NULL, NULL, NULL, '17'),
(16, NULL, NULL, NULL, NULL, NULL, '18'),
(17, NULL, NULL, NULL, NULL, NULL, '19'),
(18, NULL, NULL, NULL, NULL, NULL, '20'),
(19, NULL, NULL, NULL, NULL, NULL, '21'),
(20, NULL, NULL, NULL, NULL, NULL, '22'),
(21, NULL, NULL, NULL, NULL, NULL, '23'),
(22, NULL, NULL, NULL, NULL, NULL, '24');

-- --------------------------------------------------------

--
-- Table structure for table `frenchise`
--

CREATE TABLE `frenchise` (
  `id` int(30) NOT NULL,
  `name` varchar(30) NOT NULL,
  `mobile` varchar(30) DEFAULT NULL,
  `email` varchar(30) DEFAULT NULL,
  `address` text NOT NULL,
  `frenchise_type` varchar(20) NOT NULL,
  `revenue_percent` varchar(20) NOT NULL,
  `parent_f_id` varchar(40) NOT NULL,
  `crn_number` varchar(30) DEFAULT NULL,
  `logo` varchar(255) DEFAULT NULL,
  `profile_pic` varchar(255) DEFAULT NULL,
  `short_name` varchar(8) DEFAULT NULL,
  `created_at` datetime NOT NULL
) ENGINE=InnoDB DEFAULT CHARSET=latin1;

--
-- Dumping data for table `frenchise`
--

INSERT INTO `frenchise` (`id`, `name`, `mobile`, `email`, `address`, `frenchise_type`, `revenue_percent`, `parent_f_id`, `crn_number`, `logo`, `profile_pic`, `short_name`, `created_at`) VALUES
(1, '9yug.net', '4234234234', '9yug@bing.com', 'charoda bhilai', '1', '', '', NULL, 'a.PNG', NULL, '9yug', '0000-00-00 00:00:00'),
(2, '9yug', '1313133131', '9yug@gmail.com', 'charoda,near kali mandir bhilai ,491002', '1', '', '1', '1', 'Capture2.PNG', NULL, '9yug', '2019-01-04 15:01:14'),
(3, 'nayak enterprices776', '3422222222', 'rahul@gmail.com', 'fsdf', '1', '', '2', '16', NULL, NULL, NULL, '2019-01-15 17:15:17');

-- --------------------------------------------------------

--
-- Table structure for table `invoices`
--

CREATE TABLE `invoices` (
  `id` int(10) NOT NULL,
  `invoice_id` int(40) NOT NULL,
  `name` varchar(40) NOT NULL,
  `mobile` varchar(20) NOT NULL,
  `email` varchar(30) NOT NULL,
  `customer_id` varchar(20) NOT NULL,
  `c_city` varchar(40) DEFAULT NULL,
  `c_pincode` varchar(10) DEFAULT NULL,
  `order_id` varchar(40) DEFAULT NULL,
  `f_id` varchar(40) NOT NULL,
  `company_name` varchar(50) NOT NULL,
  `f_mobile` varchar(30) NOT NULL,
  `f_email` varchar(30) NOT NULL,
  `f_logo` varchar(255) DEFAULT NULL,
  `f_city` varchar(40) DEFAULT NULL,
  `f_pincode` int(8) DEFAULT NULL,
  `address` text NOT NULL,
  `amount` varchar(60) NOT NULL,
  `total` varchar(40) NOT NULL,
  `paid` varchar(40) DEFAULT NULL,
  `status` enum('pending','paid','partially') NOT NULL DEFAULT 'pending',
  `f_address` text NOT NULL,
  `tax` varchar(200) DEFAULT NULL,
  `created_at` datetime NOT NULL
) ENGINE=InnoDB DEFAULT CHARSET=latin1;

--
-- Dumping data for table `invoices`
--

INSERT INTO `invoices` (`id`, `invoice_id`, `name`, `mobile`, `email`, `customer_id`, `c_city`, `c_pincode`, `order_id`, `f_id`, `company_name`, `f_mobile`, `f_email`, `f_logo`, `f_city`, `f_pincode`, `address`, `amount`, `total`, `paid`, `status`, `f_address`, `tax`, `created_at`) VALUES
(1, 1, 'shubham nayak', '2311231', 'vivek.et1993@gmail.com', '16', NULL, NULL, '1', '1', 'ENEXT IT', '3123123213', 'admin@gmail.com', 'd', 'durg', 123456, '', '1300', '1534', '6045', 'partially', 'h/no 2 ,sindhiya nagar', '[{\"cgst\":\"2\"},{\"sgst\":\"9\"}]', '2019-02-23 15:04:43'),
(2, 2, 'tarun', '7828161459', 'v@gmail.com', '18', NULL, NULL, '2', '1', 'ENEXT IT', '3123123213', 'admin@gmail.com', 'd', 'durg', 123456, '', '3900', '4602', NULL, 'pending', 'h/no 2 ,sindhiya nagar', '[{\"cgst\":\"2\"},{\"sgst\":\"9\"}]', '2019-02-23 15:39:44'),
(3, 3, 'rana patap singh', '9109636660', 'ranatally118@gmail.com', '20', NULL, NULL, '3', '1', 'ENEXT IT', '3123123213', 'admin@gmail.com', 'd', 'durg', 123456, '', '6500', '7670', '6555', 'partially', 'h/no 2 ,sindhiya nagar', '[{\"cgst\":\"2\"},{\"sgst\":\"9\"}]', '2019-02-25 13:47:44'),
(4, 4, 'shubham nayak', '2311231', 'vivek.et1993@gmail.com', '16', NULL, NULL, '4', '1', 'ENEXT IT', '3123123213', 'admin@gmail.com', 'd', 'durg', 123456, '', '2600', '3068', '3068', 'paid', 'h/no 2 ,sindhiya nagar', '[{\"cgst\":\"9\"},{\"sgst\":\"9\"}]', '2019-02-25 15:42:33'),
(5, 5, 'rana patap singh', '9109636660', 'ranatally118@gmail.com', '20', NULL, NULL, '5', '1', 'ENEXT IT', '3123123213', 'admin@gmail.com', 'd', 'durg', 123456, 'infront  of camp 2 bhilai', '1300', '1534', '1534', 'paid', 'h/no 2 ,sindhiya nagar', '[{\"cgst\":\"9\"},{\"sgst\":\"9\"}]', '2019-02-25 17:32:04'),
(6, 6, 'rahul', '1312313123', 'rahul@gmail.com', '19', 'durg', '491001', '6', '1', 'ENEXT IT', '3123123213', 'admin@gmail.com', 'd', 'durg', 123456, ' supela ghadi chowk', '3330', '3929.4', NULL, 'pending', 'h/no 2 ,sindhiya nagar', '[{\"cgst\":\"9\"},{\"sgst\":\"9\"}]', '2019-02-26 15:40:50'),
(7, 7, '', '', '', '', '', '', '7', '1', 'ENEXT IT', '3123123213', 'admin@gmail.com', 'd', 'durg', 123456, '', '0', '0', NULL, 'pending', 'h/no 2 ,sindhiya nagar', '[{\"cgst\":\"9\"},{\"sgst\":\"9\"}]', '2019-02-28 17:07:33'),
(8, 8, 'shubham nayak', '2311231', 'vivek.et1993@gmail.com', '16', 'mandla', '491995', '8', '1', 'ENEXT IT', '3123123213', 'admin@gmail.com', 'd', 'durg', 123456, '   213', '1300', '1534', NULL, 'pending', 'h/no 2 ,sindhiya nagar', '[{\"cgst\":\"9\"},{\"sgst\":\"9\"}]', '2019-02-28 17:41:52'),
(9, 9, 'shubham nayak', '2311231', 'vivek.et1993@gmail.com', '16', 'mandla', '491995', '9', '1', 'ENEXT IT', '3123123213', 'admin@gmail.com', 'd', 'durg', 123456, '   213', '1300', '1534', '10', 'partially', 'h/no 2 ,sindhiya nagar', '[{\"cgst\":\"9\"},{\"sgst\":\"9\"}]', '2019-03-01 13:10:26'),
(10, 10, 'rana patap singh', '9109636660', 'ranatally118@gmail.com', '20', 'bhilai', '490001', '10', '1', 'ENEXT IT', '3123123213', 'admin@gmail.com', 'd', 'durg', 123456, 'infront  of camp 2 bhilai', '30', '35.4', '35', 'partially', 'h/no 2 ,sindhiya nagar', '[{\"cgst\":\"9\"},{\"sgst\":\"9\"}]', '2019-03-01 16:14:38'),
(11, 11, 'rana patap singh', '9109636660', 'ranatally118@gmail.com', '20', 'bhilai', '490001', '11', '1', 'ENEXT IT', '3123123213', 'admin@gmail.com', 'd', 'durg', 123456, 'infront  of camp 2 bhilai', '2060', '2430.8', NULL, 'pending', 'h/no 2 ,sindhiya nagar', '[{\"cgst\":\"9\"},{\"sgst\":\"9\"}]', '2019-03-01 16:23:46'),
(12, 12, 'rahul', '1312313123', 'rahul@gmail.com', '19', 'durg', '491001', '12', '1', 'ENEXT IT', '3123123213', 'admin@gmail.com', 'd', 'durg', 123456, ' supela ghadi chowk', '2600', '3068', NULL, 'pending', 'h/no 2 ,sindhiya nagar', '[{\"cgst\":\"9\"},{\"sgst\":\"9\"}]', '2019-03-01 17:18:58'),
(13, 13, 'rahul', '1312313123', 'rahul@gmail.com', '19', 'durg', '491001', '13', '1', 'ENEXT IT', '3123123213', 'admin@gmail.com', 'd', 'durg', 123456, ' supela ghadi chowk', '1300', '1534', '12', 'partially', 'h/no 2 ,sindhiya nagar', '[{\"cgst\":\"9\"},{\"sgst\":\"9\"}]', '2019-03-01 17:26:53'),
(14, 14, 'golu', '4234234234', 'rahul@gmail.com', '22', 'durg', '491001', '14', '1', 'ENEXT IT', '3123123213', 'admin@gmail.com', 'd', 'durg', 123456, 'gudhehari', '2000', '2720', '20', 'partially', 'h/no 2 ,sindhiya nagar', '[{\"cgst\":\"9\"},{\"sgst\":\"9\"}]', '2019-03-02 16:30:06'),
(15, 15, 'vikas bhaskar', '9216321936', 'vikas@gmail.com', '27', 'raipur', '491003', '15', '1', 'ENEXT IT', '3123123213', 'admin@gmail.com', 'd', 'durg', 123456, 'biran bazar', '4000', '4720', '200', 'partially', 'h/no 2 ,sindhiya nagar', '[{\"cgst\":\"9\"},{\"sgst\":\"9\"}]', '2019-03-02 16:32:15'),
(16, 16, 'rahul', '1312313123', 'rahul@gmail.com', '19', '', '', '16', '1', 'ENEXT IT', '3123123213', 'admin@gmail.com', 'd', 'durg', 123456, '', '400', '472', NULL, 'pending', 'h/no 2 ,sindhiya nagar', '[{\"cgst\":\"9\"},{\"sgst\":\"9\"}]', '2019-03-04 10:46:17'),
(17, 17, '', '', '', '19', '', '', '17', '1', 'ENEXT IT', '3123123213', 'admin@gmail.com', 'd', 'durg', 123456, '', '600', '708', NULL, 'pending', 'h/no 2 ,sindhiya nagar', '[{\"cgst\":\"9\"},{\"sgst\":\"9\"}]', '2019-03-04 11:30:25'),
(18, 18, '', '', '', '16', '', '', '18', '1', 'ENEXT IT', '3123123213', 'admin@gmail.com', 'd', 'durg', 123456, '', '400', '472', '200', 'partially', 'h/no 2 ,sindhiya nagar', '[{\"cgst\":\"9\"},{\"sgst\":\"9\"}]', '2019-03-04 11:39:05'),
(19, 19, 'rana patap singh', '9109636660', '', '20', 'bhilai', '490001', '19', '1', 'ENEXT IT', '3123123213', 'admin@gmail.com', 'd', 'durg', 123456, 'infront  of camp 2 bhilai', '200', '236', '32', 'partially', 'h/no 2 ,sindhiya nagar', '[{\"cgst\":\"9\"},{\"sgst\":\"9\"}]', '2019-03-04 11:40:38'),
(20, 1, '', '', '', '', '', '', '1', '7', 'info tech', '7828161459', 'vivek.et1993@gmail.com', NULL, 'durg', 491001, '', '30', '30', '30', 'paid', 'sdf sdfs fs fsd', '[]', '2019-03-04 16:03:52'),
(21, 2, 'vivek chourasiay', '5424234234', 'rahul@gmail.com', '32', 'durg', '491001', '2', '7', 'info tech', '7828161459', 'vivek.et1993@gmail.com', NULL, 'durg', 491001, 'supela ghadi chowk', '30', '30', '10', 'partially', 'sdf sdfs fs fsd', '[]', '2019-03-04 16:18:30'),
(22, 3, 'vivek chourasiay', '5424234234', 'rahul@gmail.com', '32', 'durg', '491001', '3', '7', 'info tech', '7828161459', 'vivek.et1993@gmail.com', NULL, 'durg', 491001, 'supela ghadi chowk', '27', '32', '20', 'partially', 'sdf sdfs fs fsd', '[{\"sd\":\"18\"}]', '2019-03-04 17:17:48'),
(23, 4, 'vivek chourasiay', '5424234234', 'rahul@gmail.com', '32', 'durg', '491001', '4', '7', 'info tech', '7828161459', 'vivek.et1993@gmail.com', NULL, 'durg', 491001, 'supela ghadi chowk', '30', '30', NULL, 'pending', 'sdf sdfs fs fsd', '[]', '2019-03-04 17:36:20'),
(24, 5, 'vivek chourasiay', '5424234234', 'rahul@gmail.com', '32', 'durg', '491001', '5', '7', 'info tech', '7828161459', 'vivek.et1993@gmail.com', NULL, 'durg', 491001, 'supela ghadi chowk', '30', '30', NULL, 'pending', 'sdf sdfs fs fsd', '[]', '2019-03-04 17:37:43'),
(25, 1, '', '', '', '', '', '', '1', '9', 'itech', '4323423423', 'rahul@gmail.com', NULL, 'durg', 491001, '', '30', '30', NULL, 'pending', 'supela ghadi chowk', '[]', '2019-03-04 18:02:02'),
(26, 2, '', '', '', '', '', '', '2', '9', 'itech', '4323423423', 'rahul@gmail.com', NULL, 'durg', 491001, '', '30', '30', NULL, 'pending', 'supela ghadi chowk', '[]', '2019-03-04 18:35:27'),
(27, 3, '', '', '', '', '', '', '3', '9', 'itech', '4323423423', 'rahul@gmail.com', NULL, 'durg', 491001, '', '30', '30', NULL, 'pending', 'supela ghadi chowk', '[]', '2019-03-04 18:39:04'),
(28, 20, 'rahul', '1312313123', '', '19', 'durg', '491001', '20', '1', 'ENEXT IT', '3123123213', 'admin@gmail.com', 'd', 'durg', 123456, ' supela ghadi chowk', '200', '236', '122', 'partially', 'h/no 2 ,sindhiya nagar', '[{\"cgst\":\"9\"},{\"sgst\":\"9\"}]', '2019-03-05 14:55:28'),
(29, 21, 'shubham nayak', '2311231', 'vivek.et1993@gmail.com', '16', 'mandla', '491995', '21', '1', 'ENEXT IT', '3123123213', 'admin@gmail.com', 'd', 'durg', 123456, '   213', '0', '0', NULL, 'pending', 'h/no 2 ,sindhiya nagar', '[{\"cgst\":\"9\"},{\"sgst\":\"9\"}]', '2019-03-05 15:22:12'),
(30, 22, 'shubham nayak', '2311231', 'vivek.et1993@gmail.com', '16', 'mandla', '491995', '21', '1', 'ENEXT IT', '3123123213', 'admin@gmail.com', 'd', 'durg', 123456, '   213', '1300', '1534', '33', 'partially', 'h/no 2 ,sindhiya nagar', '[{\"cgst\":\"9\"},{\"sgst\":\"9\"}]', '2019-03-05 15:31:29'),
(31, 23, 'rahul', '1312313123', 'rahul@gmail.com', '19', 'durg', '491001', '22', '1', 'ENEXT IT', '3123123213', 'admin@gmail.com', 'd', 'durg', 123456, ' supela ghadi chowk', '1300', '1534', '2', 'partially', 'h/no 2 ,sindhiya nagar', '[{\"cgst\":\"9\"},{\"sgst\":\"9\"}]', '2019-03-05 15:32:38'),
(32, 24, 'rahul', '1312313123', 'rahul@gmail.com', '19', 'durg', '491001', '23', '1', 'ENEXT IT', '3123123213', 'admin@gmail.com', 'd', 'durg', 123456, ' supela ghadi chowk', '1300', '1534', '1', 'partially', 'h/no 2 ,sindhiya nagar', '[{\"cgst\":\"9\"},{\"sgst\":\"9\"}]', '2019-03-05 15:59:15'),
(33, 25, 'shubham nayak', '2311231', 'vivek.et1993@gmail.com', '16', 'mandla', '491995', '24', '1', 'ENEXT IT', '3123123213', 'admin@gmail.com', 'd', 'durg', 123456, '   213', '0', '0', NULL, 'pending', 'h/no 2 ,sindhiya nagar', '[{\"cgst\":\"9\"},{\"sgst\":\"9\"}]', '2019-03-05 16:34:06'),
(34, 26, 'rahul', '1312313123', '', '19', 'durg', '491001', '25', '1', 'ENEXT IT', '3123123213', 'admin@gmail.com', 'd', 'durg', 123456, ' supela ghadi chowk', '200', '236', NULL, 'pending', 'h/no 2 ,sindhiya nagar', '[{\"cgst\":\"9\"},{\"sgst\":\"9\"}]', '2019-03-05 17:36:09'),
(35, 1, 'raman', '2131239213', 'raman@gmail.com', '34', 'kabirdham', '491995', '1', '12', 'birla plus', '7828161459', 'vivek.et1993@gmail.com', NULL, 'durg', 491001, 'thakur para ,near sarafa line', '10350', '10350', '10000', 'partially', 'floor 4, chroda,near sirsa gate', '[]', '2019-03-06 11:25:46'),
(36, 2, 'raman', '2131239213', 'raman@gmail.com', '34', 'kabirdham', '491995', '2', '12', 'birla plus', '7828161459', 'vivek.et1993@gmail.com', NULL, 'durg', 491001, 'thakur para ,near sarafa line', '11500', '11500', '1000', 'partially', 'floor 4, chroda,near sirsa gate', '[]', '2019-03-06 18:51:51'),
(37, 3, 'raman', '2131239213', 'raman@gmail.com', '34', 'kabirdham', '491995', '3', '12', 'birla plus', '7828161459', 'vivek.et1993@gmail.com', NULL, 'durg', 491001, 'thakur para ,near sarafa line', '11500', '11500', '1000', 'partially', 'floor 4, chroda,near sirsa gate', '[]', '2019-03-07 10:33:19'),
(38, 4, 'raman', '2131239213', 'raman@gmail.com', '34', 'kabirdham', '491995', '4', '12', 'birla plus', '7828161459', 'vivek.et1993@gmail.com', NULL, 'durg', 491001, 'thakur para ,near sarafa line', '23000', '23000', '12000', 'partially', 'floor 4, chroda,near sirsa gate', '[]', '2019-03-07 11:01:59'),
(39, 5, 'raman', '2131239213', 'raman@gmail.com', '34', 'kabirdham', '491995', '5', '12', 'birla plus', '7828161459', 'vivek.et1993@gmail.com', NULL, 'durg', 491001, 'thakur para ,near sarafa line', '34500', '34500', '15000', 'partially', 'floor 4, chroda,near sirsa gate', '[]', '2019-03-07 11:05:19'),
(40, 1, 'vikas sharma', '4623942364', 'rahul@gmail.com', '39', 'durg', '491001', '1', '13', 'technical guru', '7828161459', 'tech@gmail.com', NULL, 'durg', 491001, 'supela ghadi chowk', '360', '360', '300', 'partially', 'supela ghadi chowk', '[]', '2019-03-07 13:14:42'),
(41, 1, 'rakesh', '7866876876', 'rakesh@gmail.com', '41', 'durg', '4767647', '1', '14', '9yug', '7828161459', 'vivek.et1993@gmail.com', NULL, 'durg', 491001, 'sdupela', '1620', '1620', '1500', 'partially', 'supela', '[]', '2019-03-07 15:25:27'),
(42, 2, 'manish ', '4234340242', 'v@gmail.com', '42', 'durg', '4910011', '3', '14', '9yug', '7828161459', 'vivek.et1993@gmail.com', NULL, 'durg', 491001, 'efefe', '430', '430', '430', 'paid', 'supela', '[]', '2019-03-12 12:14:18'),
(43, 3, 'manish ', '4234340242', 'v@gmail.com', '42', 'durg', '4910011', '4', '14', '9yug', '7828161459', 'vivek.et1993@gmail.com', NULL, 'durg', 491001, 'efefe', '450', '450', '200', 'partially', 'supela', '[]', '2019-03-12 12:34:56'),
(44, 4, 'rakesh', '7866876876', 'rakesh@gmail.com', '41', 'durg', '4767647', '5', '14', '9yug', '7828161459', 'vivek.et1993@gmail.com', NULL, 'durg', 491001, 'sdupela', '490', '490', '50', 'partially', 'supela', '[]', '2019-03-12 13:05:56'),
(45, 5, 'manish ', '4234340242', 'v@gmail.com', '42', 'durg', '4910011', '6', '14', '9yug', '7828161459', 'vivek.et1993@gmail.com', NULL, 'durg', 491001, 'efefe', '433', '433', NULL, 'pending', 'supela', '[]', '2019-03-12 13:10:37'),
(46, 6, 'rakesh', '7866876876', 'rakesh@gmail.com', '41', 'durg', '4767647', '7', '14', '9yug', '7828161459', 'vivek.et1993@gmail.com', NULL, 'durg', 491001, 'sdupela', '60', '60', '10', 'partially', 'supela', '[]', '2019-03-12 14:53:00'),
(47, 7, 'rakesh', '7866876876', 'rakesh@gmail.com', '41', 'durg', '4767647', '8', '14', '9yug', '7828161459', 'vivek.et1993@gmail.com', NULL, 'durg', 491001, 'sdupela', '3000', '3000', '1000', 'partially', 'supela', '[]', '2019-03-12 18:45:49'),
(48, 1, 'SAURABH', '7648764876', 'VIVEK@GMAIL.COM', '44', 'DYEG', '3638486', '1', '15', 'maintech', '2378463236', 'vivek@gmail.com', NULL, 'durg', 491002, 'UIGLIUGU PGIL', '600', '600', NULL, 'pending', '76327628738', '[]', '2019-03-13 13:02:31'),
(49, 1, 'rahul', '2232424234', '', '45', 'durg', '491001', '1', '16', 'sambhuja', '32683768', 'vivek.et1993@gmail.com', NULL, 'durg', 491001, 'gudhehari', '300', '300', '200', 'partially', 'power house ', '[]', '2019-03-13 13:44:47'),
(50, 8, 'rakesh', '7866876876', 'rakesh@gmail.com', '41', 'durg', '4767647', '9', '14', '9yug', '7828161459', 'vivek.et1993@gmail.com', NULL, 'durg', 491001, 'sdupela', '33', '33', '33', 'paid', 'supela', '[]', '2019-03-13 16:46:15'),
(51, 9, 'vikas', '3424234234', 'vikas@gmail.com', '43', 'null', '', '10', '14', '9yug', '7828161459', 'vivek.et1993@gmail.com', NULL, 'durg', 491001, 'power house ,durg', '50050', '50050', '50000', 'partially', 'supela', '[]', '2019-03-14 12:14:10'),
(52, 10, 'vikas', '3424234234', 'vikas@gmail.com', '43', 'null', '', '11', '14', '9yug', '7828161459', 'vivek.et1993@gmail.com', NULL, 'durg', 491001, 'power house ,durg', '28000', '28000', '500', 'partially', 'supela', '[]', '2019-03-15 11:02:31'),
(53, 1, 'pritam kumar', '8532785328', 'pritam@gmail.com', '46', 'kawardha', '491010', '1', '17', 'navkar pvt lmd', '9432942394', 'navkar@gmail.com', NULL, 'bhilai', 491002, ' baniya para', '2800', '2800', '1500', 'partially', 'samta colony new adarsh nagar', '[]', '2019-03-15 17:01:09'),
(54, 2, 'pritam kumar', '8532785328', 'pritam@gmail.com', '46', 'kawardha', '491010', '2', '17', 'navkar pvt lmd', '9432942394', 'navkar@gmail.com', NULL, 'bhilai', 491002, ' baniya para', '1700', '1700', NULL, 'pending', 'samta colony new adarsh nagar', '[]', '2019-03-15 17:21:31');

-- --------------------------------------------------------

--
-- Table structure for table `item_details`
--

CREATE TABLE `item_details` (
  `id` int(10) NOT NULL,
  `item_id` int(10) DEFAULT NULL,
  `model_no` varchar(20) DEFAULT NULL,
  `serial_no` varchar(20) DEFAULT NULL
) ENGINE=InnoDB DEFAULT CHARSET=latin1;

--
-- Dumping data for table `item_details`
--

INSERT INTO `item_details` (`id`, `item_id`, `model_no`, `serial_no`) VALUES
(205, 15, '324234', '24234'),
(206, 205, '432423', '23423'),
(207, 206, '423423', '32423'),
(208, 207, '44234', '23423'),
(209, 208, '4234234', '23423'),
(210, 209, '423432', '23423'),
(211, 210, '4234', '423423'),
(212, 211, '423', '23423'),
(213, 212, '4324we', '423423'),
(214, 213, '234234', '56545'),
(215, 16, NULL, NULL),
(216, 16, NULL, NULL),
(217, 16, NULL, NULL),
(218, 16, NULL, NULL),
(219, 16, NULL, NULL),
(220, 16, NULL, NULL),
(221, 16, NULL, NULL),
(222, 16, NULL, NULL),
(223, 16, NULL, NULL),
(224, 16, NULL, NULL),
(225, 16, NULL, NULL),
(226, 16, NULL, NULL),
(227, 16, NULL, NULL),
(228, 16, NULL, NULL),
(229, 16, NULL, NULL),
(230, 17, '435435', '435435'),
(231, 17, '43543543', '435435'),
(232, 17, '43543543', '5435435435'),
(233, 17, '5435', '543543543'),
(234, 17, '435435', '45435'),
(235, 17, '5435', '43543'),
(236, 17, '43534', '435435'),
(237, 17, '543534', '543543'),
(238, 17, '435435', '435435'),
(239, 17, '43543543', '43534543'),
(240, 18, 'a', '123'),
(241, 18, 'b', '124'),
(242, 18, 'c', '125'),
(243, 18, 'd', '126'),
(244, 18, 'e', '127');

-- --------------------------------------------------------

--
-- Table structure for table `item_list`
--

CREATE TABLE `item_list` (
  `id` int(10) NOT NULL,
  `item_name` varchar(100) NOT NULL,
  `description` varchar(255) DEFAULT NULL,
  `category` varchar(17) NOT NULL,
  `created_at` datetime NOT NULL,
  `created_by` int(4) NOT NULL,
  `snp` varchar(15) DEFAULT NULL,
  `f_id` int(10) DEFAULT NULL
) ENGINE=InnoDB DEFAULT CHARSET=latin1;

--
-- Dumping data for table `item_list`
--

INSERT INTO `item_list` (`id`, `item_name`, `description`, `category`, `created_at`, `created_by`, `snp`, `f_id`) VALUES
(3, 'camera cctv', '10 mp ', '1', '2019-03-09 10:20:20', 42, '12', 14),
(4, 'router', 'use to play internet', '2', '2019-03-12 18:30:12', 42, '123', 14),
(5, 'bags', 'lether bags', '1', '2019-03-13 12:54:39', 43, '1', 15),
(6, '45 inch monitor', 'led dispaly monitor', '3', '2019-03-14 12:06:43', 42, '1234', 14),
(7, 'camera 10mp', '10 mp cctv camera', '1', '2019-03-15 16:58:20', 49, '1', 17);

-- --------------------------------------------------------

--
-- Table structure for table `item_report`
--

CREATE TABLE `item_report` (
  `id` int(10) NOT NULL,
  `item_purchase_id` int(10) NOT NULL,
  `item_id` int(10) NOT NULL,
  `purchase_price` varchar(8) NOT NULL,
  `selling_price` varchar(8) NOT NULL,
  `qty` int(4) DEFAULT NULL,
  `f_id` varchar(5) NOT NULL,
  `created_at` datetime NOT NULL
) ENGINE=InnoDB DEFAULT CHARSET=latin1;

--
-- Dumping data for table `item_report`
--

INSERT INTO `item_report` (`id`, `item_purchase_id`, `item_id`, `purchase_price`, `selling_price`, `qty`, `f_id`, `created_at`) VALUES
(1, 10, 3, '23', '30', 2, '14', '2019-03-11 03:08:09'),
(2, 13, 4, '1000', '1500', 2, '14', '2019-03-12 18:45:48'),
(3, 14, 5, '500', '600', 1, '15', '2019-03-13 13:02:31'),
(4, 11, 3, '22', '33', 1, '14', '2019-03-13 16:46:14'),
(5, 16, 6, '30000', '50', 1, '14', '2019-03-14 12:14:10'),
(6, 17, 6, '30000', '28000', 1, '14', '2019-03-15 11:02:31'),
(7, 18, 7, '1000', '1400', 2, '17', '2019-03-15 17:01:08'),
(8, 18, 7, '1000', '1400', 1, '17', '2019-03-15 17:21:31');

-- --------------------------------------------------------

--
-- Table structure for table `log`
--

CREATE TABLE `log` (
  `id` int(60) NOT NULL,
  `crn_number` varchar(20) NOT NULL,
  `f_id` varchar(20) NOT NULL,
  `activity` varchar(255) NOT NULL,
  `staff_id` int(30) NOT NULL,
  `date` datetime NOT NULL DEFAULT CURRENT_TIMESTAMP
) ENGINE=InnoDB DEFAULT CHARSET=latin1;

--
-- Dumping data for table `log`
--

INSERT INTO `log` (`id`, `crn_number`, `f_id`, `activity`, `staff_id`, `date`) VALUES
(0, '1', '', 'Ticket number <b>5</b> close  ', 1, '2019-02-02 15:53:22'),
(0, '1', '', 'Ticket number <b>5</b> close  ', 1, '2019-02-02 15:57:32'),
(1, '2', '2', 'Caf number = 1 & crn number = 2  generated by quick add   ', 1, '2019-01-04 17:22:50'),
(2, '3', '2', 'Caf number = 2 & crn number = 3  generated by quick add   ', 1, '2019-01-04 17:29:23'),
(3, '4', '2', 'Caf number = 3 & crn number = 4  generated by quick add   ', 1, '2019-01-04 17:32:12'),
(4, '5', '2', 'Caf number = 4 & crn number = 5  generated by quick add   ', 1, '2019-01-04 17:35:15'),
(5, '6', '2', 'Caf number = 5 & crn number = 6  generated by quick add   ', 1, '2019-01-04 17:36:52'),
(6, '7', '2', 'Caf number = 6 & crn number = 7  generated by quick add   ', 1, '2019-01-04 17:40:36'),
(7, '2', '2', 'Caf number = 7 & crn number = 2  generated by quick add   ', 1, '2019-01-04 17:43:07'),
(8, '2', '2', 'Caf number = 8 & crn number = 2  generated by quick add   ', 1, '2019-01-04 17:44:04'),
(9, '2', '2', 'Caf number = 9 & crn number = 2  generated by quick add   ', 1, '2019-01-04 17:47:00'),
(10, '2', '2', 'Caf number = 10 & crn number = 2  generated by quick add   ', 1, '2019-01-04 18:17:56'),
(11, '2', '2', 'Caf number = 11 & crn number = 2  generated by quick add   ', 1, '2019-01-04 18:32:04'),
(12, '3', '2', 'Caf number = 1 & crn number = 3  generated by quick add   ', 1, '2019-01-05 11:58:59'),
(13, '3', '2', 'Recharge Done by plan_name <b>nightbooster50mb</b>  Total rs  <b>472</b>  and paid  <b>400</b> ', 1, '2019-01-05 12:01:30'),
(14, '4', '2', 'Caf number = 2 & crn number = 4  generated by quick add   ', 1, '2019-01-05 12:19:26'),
(15, '4', '2', 'Recharge Done by plan_name <b></b>  Total rs  <b>0</b>  and paid  <b></b> ', 1, '2019-01-05 13:47:02'),
(16, '4', '2', 'Recharge Done by plan_name <b></b>  Total rs  <b>0</b>  and paid  <b></b> ', 1, '2019-01-05 13:51:43'),
(17, '5', '2', 'Caf number = 3 & crn number = 5  generated by quick add   ', 1, '2019-01-05 15:37:40'),
(18, '6', '2', 'Caf number = 4 & crn number = 6  generated by quick add   ', 1, '2019-01-05 15:38:57'),
(19, '6', '2', 'Ticket number <b>f2_000001</b> generated for issue  - :  <b>activate user</b> ', 1, '2019-01-05 15:40:37'),
(20, '4', '2', 'Recharge Done by plan_name <b>10gbweekly</b>  Total rs  <b>59</b>  and paid  <b>10</b> ', 1, '2019-01-05 15:42:30'),
(21, '7', '2', 'Caf number = 5 & crn number = 7  generated by quick add   ', 1, '2019-01-05 15:44:06'),
(22, '8', '2', 'Caf number = 6 & crn number = 8  generated by quick add   ', 1, '2019-01-05 16:08:27'),
(23, '9', '2', 'Caf number = 7 & crn number = 9  generated by quick add   ', 1, '2019-01-06 22:47:44'),
(24, '5', '2', 'Recharge Done by plan_name <b>2gb1d</b>  Total rs  <b>413</b>  and paid  <b>413</b> ', 1, '2019-01-08 10:42:59'),
(25, '10', '2', 'crn number = 10  generated  ', 1, '2019-01-08 10:45:18'),
(26, '10', '2', 'Caf number = 8  generated  ', 1, '2019-01-08 10:47:09'),
(27, '4', '2', 'Ticket number <b>f2_000002</b> generated for issue  - :  <b>wrw</b> ', 1, '2019-01-10 12:07:48'),
(28, '2', '2', 'Recharge Done by plan_name <b>10gbweekly</b>  Total rs  <b>59</b>  and paid  <b>50</b> ', 1, '2019-01-10 12:49:02'),
(29, '14', '2', 'Caf number = 14 & crn number = 14  generated by quick add   ', 1, '2019-01-10 18:07:10'),
(30, '15', '2', 'Caf number = 15 & crn number = 15  generated by quick add   ', 1, '2019-01-11 10:29:52'),
(31, '11', '2', 'Recharge Done by plan_name <b>2gb1d</b>  Total rs  <b>426</b>  and paid  <b>400</b> ', 1, '2019-01-11 10:30:54'),
(32, '4', '2', 'Recharge Done by plan_name <b></b>  Total rs  <b>49</b>  and paid  <b></b> ', 1, '2019-01-15 15:08:31'),
(33, '17', '2', 'crn number = 17  generated  ', 1, '2019-01-15 17:35:45'),
(34, '18', '2', 'crn number = 18  generated  ', 1, '2019-01-15 17:42:45'),
(35, '4', '2', 'Ticket number <b>f2_000003</b> generated for issue  - :  <b>werwer</b> ', 1, '2019-01-16 18:09:38'),
(36, '19', '2', 'crn number = 19  generated  ', 1, '2019-01-16 18:17:14'),
(0, '18', '1', 'crn number = 18  generated  ', 1, '2019-02-07 12:30:58'),
(0, '1', '1', 'Ticket number <b>9</b> close  ', 22, '2019-02-08 14:42:18'),
(0, '17', '13', 'crn number = 17  generated  ', 24, '2019-02-08 17:03:22'),
(0, '18', '1', 'crn number = 18  generated  ', 1, '2019-02-13 12:53:52'),
(0, '19', '1', 'crn number = 19  generated  ', 1, '2019-02-15 11:21:43'),
(0, '20', '1', 'crn number = 20  generated  ', 1, '2019-02-18 14:58:32'),
(0, '21', '1', 'crn number = 21  generated  ', 1, '2019-02-26 13:46:21'),
(0, '22', '1', 'crn number = 22  generated  ', 1, '2019-02-26 13:49:24'),
(0, '23', '1', 'crn number = 23  generated  ', 1, '2019-02-26 14:00:16'),
(0, '24', '1', 'crn number = 24  generated  ', 1, '2019-02-26 17:50:48'),
(0, '25', '1', 'crn number = 25  generated  ', 1, '2019-02-26 18:24:58'),
(0, '26', '1', 'crn number = 26  generated  ', 1, '2019-02-26 18:26:10'),
(0, '27', '1', 'crn number = 27  generated  ', 1, '2019-02-28 16:59:43'),
(0, '28', '1', 'crn number = 28  generated  ', 1, '2019-02-28 17:01:53'),
(0, '29', '1', 'crn number = 29  generated  ', 1, '2019-02-28 17:04:39'),
(0, '30', '1', 'crn number = 30  generated  ', 1, '2019-02-28 17:07:32'),
(0, '31', '1', 'crn number = 31  generated  ', 1, '2019-02-28 17:17:13'),
(0, '32', '7', 'crn number = 32  generated  ', 34, '2019-03-04 16:17:05'),
(0, '33', '12', 'crn number = 33  generated  ', 39, '2019-03-05 18:37:34'),
(0, '34', '12', 'crn number = 34  generated  ', 39, '2019-03-06 11:09:04'),
(0, '39', '13', 'crn number = 39  generated  ', 41, '2019-03-07 13:10:14'),
(0, '41', '14', 'crn number = 41  generated  ', 42, '2019-03-07 15:24:25'),
(0, '42', '14', 'crn number = 42  generated  ', 42, '2019-03-08 11:44:32'),
(0, '44', '15', 'crn number = 44  generated  ', 43, '2019-03-13 12:59:01'),
(0, '45', '16', 'crn number = 45  generated  ', 44, '2019-03-13 13:43:57'),
(0, '46', '17', 'crn number = 46  generated  ', 49, '2019-03-15 16:32:59'),
(0, '47', '17', 'crn number = 47  generated  ', 49, '2019-03-15 16:36:49');

-- --------------------------------------------------------

--
-- Table structure for table `log_login`
--

CREATE TABLE `log_login` (
  `id` int(10) NOT NULL,
  `username` varchar(30) NOT NULL,
  `ip_address` varchar(200) NOT NULL,
  `status` varchar(30) NOT NULL,
  `f_id` varchar(12) DEFAULT NULL,
  `date` datetime NOT NULL DEFAULT CURRENT_TIMESTAMP,
  `logout_time` datetime DEFAULT NULL
) ENGINE=InnoDB DEFAULT CHARSET=latin1;

--
-- Dumping data for table `log_login`
--

INSERT INTO `log_login` (`id`, `username`, `ip_address`, `status`, `f_id`, `date`, `logout_time`) VALUES
(184, 'admin', '::1', '0', '', '2019-02-22 17:15:44', NULL),
(190, 'enext_7285', '::1', '1', '1', '2019-02-22 18:40:12', NULL),
(191, 'admin', '::1', '1', '1', '2019-02-23 10:57:43', NULL),
(192, 'admin', '::1', '1', '1', '2019-02-25 10:39:28', NULL),
(193, 'admin', '::1', '1', '1', '2019-02-26 10:29:59', '2019-02-26 13:59:03'),
(194, 'admin', '::1', '1', '1', '2019-02-26 13:59:10', '2019-02-26 14:51:35'),
(195, 'admin', '::1', '1', '1', '2019-02-26 14:53:06', NULL),
(196, 'admin', '::1', '1', '1', '2019-02-28 10:35:13', NULL),
(197, 'admin', '::1', '0', '', '2019-03-01 12:06:12', NULL),
(198, 'admin', '::1', '1', '1', '2019-03-01 12:06:20', '2019-03-01 17:33:31'),
(199, 'admin', '::1', '1', '1', '2019-03-01 17:33:37', '2019-03-01 17:33:48'),
(200, 'admin', '::1', '1', '1', '2019-03-01 17:33:55', '2019-03-01 17:34:10'),
(201, 'admin', '::1', '1', '1', '2019-03-01 17:46:06', '2019-03-01 17:51:46'),
(202, 'super', '::1', '1', '0', '2019-03-01 17:51:53', '2019-03-01 17:57:20'),
(203, '6_1551442967', '::1', '1', '6', '2019-03-01 17:57:51', '2019-03-01 18:12:49'),
(204, 'super', '::1', '0', '', '2019-03-01 18:12:56', NULL),
(205, 'super', '::1', '1', '0', '2019-03-01 18:13:02', NULL),
(206, 'admin', '::1', '1', '1', '2019-03-02 10:28:11', NULL),
(207, 'admin', '::1', '0', '', '2019-03-04 10:39:59', NULL),
(208, 'admin', '::1', '0', '', '2019-03-04 10:40:05', NULL),
(209, '12345', '::1', '1', '1', '2019-03-04 10:41:38', '2019-03-04 11:55:36'),
(210, 'super', '::1', '1', '0', '2019-03-04 11:55:44', '2019-03-04 11:56:40'),
(211, '7_1551680787', '::1', '1', '7', '2019-03-04 11:57:05', '2019-03-04 12:17:18'),
(212, 'info', '::1', '1', '7', '2019-03-04 12:17:31', '2019-03-04 12:20:26'),
(213, 'info', '::1', '1', '7', '2019-03-04 12:24:55', '2019-03-04 17:46:14'),
(214, 'super', '::1', '1', '0', '2019-03-04 17:46:20', '2019-03-04 17:51:39'),
(215, '9_1551702086', '::1', '1', '9', '2019-03-04 17:52:43', NULL),
(216, 'super', '::1', '1', '0', '2019-03-05 11:10:21', '2019-03-05 11:56:45'),
(217, '12345', '::1', '1', '1', '2019-03-05 11:56:59', '2019-03-05 12:20:49'),
(218, 'super', '::1', '1', '0', '2019-03-05 12:20:55', '2019-03-05 12:43:30'),
(219, '1234', '::1', '0', '', '2019-03-05 12:43:37', NULL),
(220, '12345', '::1', '1', '1', '2019-03-05 12:43:53', '2019-03-05 17:42:49'),
(221, 'super', '::1', '1', '0', '2019-03-05 17:42:58', '2019-03-05 17:54:32'),
(222, '12_1551788075', '::1', '1', '12', '2019-03-05 17:55:00', '2019-03-05 18:24:32'),
(223, 'bisnu', '::1', '1', '12', '2019-03-05 18:24:41', '2019-03-05 18:26:55'),
(224, 'bisnu', '::1', '1', '12', '2019-03-05 18:27:01', '2019-03-05 18:27:13'),
(225, 'bisnu', '::1', '1', '12', '2019-03-05 18:27:22', '2019-03-05 18:27:47'),
(226, 'bisnu', '::1', '1', '12', '2019-03-05 18:28:02', '2019-03-05 18:28:13'),
(227, 'bisnu', '::1', '1', '12', '2019-03-05 18:29:41', '2019-03-05 18:29:52'),
(228, 'bisnu', '::1', '1', '12', '2019-03-05 18:32:03', NULL),
(229, 'bisnu', '::1', '1', '12', '2019-03-06 10:33:01', '2019-03-06 10:42:37'),
(230, 'admin', '::1', '1', '12', '2019-03-06 10:42:42', '2019-03-06 10:44:43'),
(231, 'info', '::1', '1', '7', '2019-03-06 10:44:56', '2019-03-06 10:45:22'),
(232, 'infos', '::1', '1', '12', '2019-03-06 10:45:30', '2019-03-06 10:52:57'),
(233, 'bisnu', '::1', '1', '12', '2019-03-06 10:53:06', NULL),
(234, 'bisnu', '::1', '1', '12', '2019-03-06 15:45:32', '2019-03-06 16:27:46'),
(235, 'bisnu', '::1', '1', '12', '2019-03-06 16:27:54', NULL),
(236, 'bisnu', '::1', '1', '12', '2019-03-06 16:34:30', '2019-03-06 18:43:28'),
(237, 'bisnu', '::1', '1', '12', '2019-03-06 18:43:39', NULL),
(238, 'bisnu', '::1', '1', '12', '2019-03-07 10:29:58', '2019-03-07 12:53:14'),
(239, 'super', '::1', '1', '0', '2019-03-07 12:53:21', '2019-03-07 12:58:04'),
(240, '13_1551943532', '::1', '1', '13', '2019-03-07 12:58:22', '2019-03-07 15:15:30'),
(241, 'super', '::1', '1', '0', '2019-03-07 15:15:38', '2019-03-07 15:17:15'),
(242, '14_1551951997', '::1', '1', '14', '2019-03-07 15:17:30', '2019-03-07 15:18:09'),
(243, 'vivek', '::1', '1', '14', '2019-03-07 15:18:25', NULL),
(244, 'vivek', '::1', '1', '14', '2019-03-07 17:53:23', NULL),
(245, 'vivek', '127.0.0.1', '1', '14', '2019-03-08 10:59:17', '2019-03-08 12:08:13'),
(246, 'vivek', '127.0.0.1', '1', '14', '2019-03-08 12:08:22', NULL),
(247, 'vivek', '127.0.0.1', '1', '14', '2019-03-09 10:15:31', NULL),
(248, 'vivek', '127.0.0.1', '1', '14', '2019-03-09 11:14:05', NULL),
(249, 'vivek', '::1', '1', '14', '2019-03-11 14:27:26', NULL),
(250, 'vivek', '::1', '1', '14', '2019-03-12 10:17:03', NULL),
(251, 'vivek', '::1', '1', '14', '2019-03-12 16:16:13', NULL),
(252, 'vivek', '::1', '0', '', '2019-03-13 10:32:30', NULL),
(253, 'vivek', '::1', '1', '14', '2019-03-13 10:32:38', '2019-03-13 12:46:26'),
(254, 'super', '::1', '1', '0', '2019-03-13 12:46:35', '2019-03-13 12:49:08'),
(255, '15_1552461460', '::1', '1', '15', '2019-03-13 12:49:40', '2019-03-13 13:17:08'),
(256, '16_1552461525', '::1', '1', '16', '2019-03-13 13:17:26', '2019-03-13 14:03:26'),
(257, 'vivek', '::1', '1', '14', '2019-03-13 14:03:32', NULL),
(258, 'vivek', '::1', '1', '14', '2019-03-14 10:23:10', '2019-03-14 15:22:14'),
(259, 'vicky', '::1', '1', '14', '2019-03-14 15:24:46', NULL),
(260, 'vicky', '::1', '1', '14', '2019-03-14 17:20:35', NULL),
(261, 'vicky', '::1', '1', '14', '2019-03-15 10:28:37', '2019-03-15 15:21:57'),
(262, 'super', '::1', '1', '0', '2019-03-15 15:22:04', '2019-03-15 15:23:49'),
(263, 'super', '::1', '1', '0', '2019-03-15 15:26:08', '2019-03-15 15:30:50'),
(264, 'super', '::1', '1', '0', '2019-03-15 15:30:58', NULL),
(265, 'super', '::1', '1', '0', '2019-03-15 15:31:12', NULL),
(266, 'vicky', '::1', '1', '14', '2019-03-15 15:31:48', '2019-03-15 15:32:11'),
(267, 'super', '::1', '1', '0', '2019-03-15 15:32:17', NULL),
(268, 'super', '::1', '1', '0', '2019-03-15 15:40:31', NULL),
(269, 'super', '::1', '1', '0', '2019-03-15 15:42:32', NULL),
(270, '17_1552643617', '::1', '1', '17', '2019-03-15 16:22:12', NULL);

-- --------------------------------------------------------

--
-- Table structure for table `log_outgoing_email`
--

CREATE TABLE `log_outgoing_email` (
  `id` int(40) NOT NULL,
  `subject` varchar(40) NOT NULL,
  `body` varchar(50) NOT NULL,
  `email` varchar(50) NOT NULL,
  `sender_id` varchar(50) NOT NULL,
  `f_id` varchar(40) NOT NULL,
  `date` timestamp NOT NULL DEFAULT CURRENT_TIMESTAMP
) ENGINE=InnoDB DEFAULT CHARSET=latin1;

-- --------------------------------------------------------

--
-- Table structure for table `log_outgoing_sms`
--

CREATE TABLE `log_outgoing_sms` (
  `id` int(10) NOT NULL,
  `f_id` int(30) NOT NULL,
  `mobile` varchar(15) NOT NULL,
  `message` text NOT NULL,
  `sender` varchar(100) NOT NULL,
  `created_at` datetime NOT NULL DEFAULT CURRENT_TIMESTAMP
) ENGINE=InnoDB DEFAULT CHARSET=latin1;

--
-- Dumping data for table `log_outgoing_sms`
--

INSERT INTO `log_outgoing_sms` (`id`, `f_id`, `mobile`, `message`, `sender`, `created_at`) VALUES
(1, 1, '1313133131', 'Your Username is    1_1546596435 and Password is   1165312 to login the panel click in this url http://localhost/radius-portal/', 'navyug', '2019-01-04 15:37:16'),
(2, 2, '7828161459', 'hii', 'navyug', '2019-01-10 12:56:46'),
(3, 2, '3845239487', 'Your portal and ieee Username is    9yug_1547123826 and Password is   4024469, you can change portal username and password but to change username and password of ieee you have to contact service provider. to login the panel click in this url http://localhost/radius-portal/', 'navyug', '2019-01-10 18:07:08'),
(4, 2, '5698346958', 'Your portal and ieee Username is    9yug_1547182788 and Password is   296955, you can change portal username and password but to change username and password of ieee you have to contact service provider. to login the panel click in this url http://localhost/radius-portal/', 'navyug', '2019-01-11 10:29:50'),
(5, 2, '3444444444', 'Your Username is    2_7565 and Password is   23822477 to login the panel click in this url http://localhost/radius-portal/', 'navyug', '2019-01-15 16:09:26'),
(6, 2, '3454355555', 'Your Username is    2_5548 and Password is   83293235 to login the panel click in this url http://localhost/radius-portal/', 'navyug', '2019-01-15 16:09:52'),
(7, 2, '4333333333', 'Your Username is    2_8387 and Password is   40095023 to login the panel click in this url http://localhost/radius-portal/', 'navyug', '2019-01-15 16:17:00'),
(8, 2, '3422222222', 'Your Username is    2_3618 and Password is   6861314 to login the panel click in this url http://localhost/radius-portal/', 'navyug', '2019-01-15 16:25:22'),
(9, 2, '3434343434', 'Your Username is    2_4153 and Password is   11937529 to login the panel click in this url http://localhost/radius-portal/', 'navyug', '2019-01-15 16:27:07'),
(10, 2, '2344444444', 'Your Username is    2_7234 and Password is   58627168 to login the panel click in this url http://localhost/radius-portal/', 'navyug', '2019-01-15 16:36:41'),
(11, 2, '7828167216', 'Your Username is    2_8991 and Password is   85977453 to login the panel click in this url http://localhost/radius-portal/', 'navyug', '2019-01-15 16:58:47'),
(12, 2, '3422222222', 'Your Username is    3_1547552718 and Password is   3245259 to login the panel click in this url http://localhost/radius-portal/', 'navyug', '2019-01-15 17:15:24'),
(13, 2, '4323423423', 'Your Username is    2_4521 and Password is   92501592 to login the panel click in this url http://localhost/radius-portal/', 'navyug', '2019-01-16 16:58:15'),
(14, 2, '3423234234', 'Your Username is    2_5899 and Password is   2907577 to login the panel click in this url http://localhost/radius-portal/', 'navyug', '2019-01-16 17:01:10'),
(15, 2, '3244444444', 'Your Username is    2_5303 and Password is   35622668 to login the panel click in this url http://localhost/radius-portal/', 'navyug', '2019-01-16 17:07:58'),
(16, 2, '3423423444', 'Your Username is    2_676 and Password is   29907975 to login the panel click in this url http://localhost/radius-portal/', 'navyug', '2019-01-16 17:15:53'),
(17, 2, '2342344444', 'Your Username is    2_9097 and Password is   77285706 to login the panel click in this url http://localhost/radius-portal/', 'navyug', '2019-01-16 17:18:20'),
(18, 2, '2344444444', 'Your Username is    2_9434 and Password is   36047685 to login the panel click in this url http://localhost/radius-portal/', 'navyug', '2019-01-16 18:04:33'),
(19, 1, '7828161459', 'hii vivek', 'navyug', '2019-02-15 12:04:08'),
(20, 1, '7828161459', '{\"response\":\"11550164491328\",\"responseCode\":\"3001\"}', 'navyug', '2019-02-15 12:05:21'),
(21, 1, '9148725074', '{\"response\":\"11550164491581\",\"responseCode\":\"3001\"}', 'navyug', '2019-02-15 12:05:53'),
(22, 7, '7828161459', 'igi giu gigiug', 'navyug', '2019-03-04 16:46:33'),
(23, 0, '7828161459', 'Your Username is    10_1551764873 and Password is   10541227 to login the panel click in this url http://localhost/enextitcrm/.', 'navyug', '2019-03-05 11:17:54'),
(24, 0, '7828161459', 'Your Username is    vivek and Password is   12345 to login the panel click in this url http://localhost/enextitcrm/.', 'navyug', '2019-03-05 11:31:58'),
(25, 0, '7828161459', 'Your Username is    vivek and Password is   12345 to login the panel click in this url http://localhost/enextitcrm/.', 'navyug', '2019-03-05 11:34:35'),
(26, 0, '7828161459', 'Your Username is    vivek and Password is   12345 to login the panel click in this url http://localhost/enextitcrm/.', 'navyug', '2019-03-05 11:37:27'),
(27, 0, '7828161459', 'Your Username is    vivek and Password is   12345 to login the panel click in this url http://localhost/enextitcrm/.', 'navyug', '2019-03-05 11:38:47'),
(28, 0, '9148725074', 'Your Username is    vivek and Password is   12345 to login the panel click in this url http://localhost/enextitcrm/.', 'navyug', '2019-03-05 11:41:22'),
(29, 0, '9148725074', 'Your Username is    vivek and Password is   12345 to login the panel click in this url http://localhost/enextitcrm/.', 'navyug', '2019-03-05 11:43:06'),
(30, 0, '7828161459', 'Your Username is    11_1551766969 and Password is   11961058 to login the panel click in this url http://localhost/enextitcrm/.', 'navyug', '2019-03-05 11:52:50'),
(31, 1, '9148725074', 'hey', 'navyug', '2019-03-05 12:03:11'),
(32, 1, '7828161459', 'ggg', 'navyug', '2019-03-05 12:08:34'),
(33, 1, '23432', 'ewre', 'navyug', '2019-03-05 12:11:49'),
(34, 1, '7828161459', 'rewrwer', 'navyug', '2019-03-05 12:19:32'),
(35, 0, '7828161459', 'Your Username is    12_1551788075 and Password is   1267607 to login the panel click in this url http://localhost/enextitcrm/.', 'navyug', '2019-03-05 17:44:36'),
(36, 0, '7828161459', 'Your Username is    13_1551943532 and Password is   13858059 to login the panel click in this url http://localhost/enextitcrm/.', 'navyug', '2019-03-07 12:55:34'),
(37, 0, '7828161459', 'Your Username is    14_1551951997 and Password is   1478501 to login the panel click in this url http://localhost/enextitcrm/.', 'navyug', '2019-03-07 15:16:38'),
(38, 0, '2378463236', 'Your Username is    15_1552461460 and Password is   15636660 to login the panel click in this url http://localhost/enextitcrm/.', 'navyug', '2019-03-13 12:47:41'),
(39, 0, '32683768', 'Your Username is    16_1552461525 and Password is   1632696 to login the panel click in this url http://localhost/enextitcrm/.', 'navyug', '2019-03-13 12:48:46'),
(40, 0, '9432942394', 'Your Username is    17_1552643617 and Password is   17802418 to login the panel click in this url http://localhost/enextitcrm/.', 'navyug', '2019-03-15 15:23:38'),
(41, 0, '3423324234', 'Your Username is    24_1552646080 and Password is   24138752 to login the panel click in this url http://localhost/enextitcrm/.', 'navyug', '2019-03-15 16:04:41');

-- --------------------------------------------------------

--
-- Table structure for table `log_ticket`
--

CREATE TABLE `log_ticket` (
  `id` int(8) NOT NULL,
  `ticket_id` varchar(100) NOT NULL,
  `email` varchar(40) NOT NULL,
  `mobile` varchar(20) NOT NULL,
  `lead` varchar(20) NOT NULL,
  `assign` varchar(30) NOT NULL,
  `type` varchar(20) NOT NULL,
  `comment` varchar(100) NOT NULL,
  `reply` varchar(70) DEFAULT NULL,
  `created_by` varchar(10) NOT NULL,
  `description` text,
  `f_id` varchar(10) NOT NULL,
  `status` enum('open','close','request to close') NOT NULL DEFAULT 'open',
  `created_at` datetime NOT NULL
) ENGINE=InnoDB DEFAULT CHARSET=latin1;

--
-- Dumping data for table `log_ticket`
--

INSERT INTO `log_ticket` (`id`, `ticket_id`, `email`, `mobile`, `lead`, `assign`, `type`, `comment`, `reply`, `created_by`, `description`, `f_id`, `status`, `created_at`) VALUES
(40, '1', 'rahul@gmail.com', '9907429988', 'camera', '', '', '', 'Ticket is generated of ticket id - 1', '41', '3sdfsdfsd', '13', 'open', '2019-03-07 14:03:31'),
(41, '1', 'vikas@gmail.com', '3424234234', 'camera', '1', '', '', 'Ticket is generated of ticket id - 1', '42', 'request for quotation of camera installment ', '14', 'open', '2019-03-13 11:03:51'),
(42, '1', '', '3424234234', '', '', '', 'request for quotation of camera installment ', 'quotation is send to mail id of customer wait for reply of customer', '42', NULL, '14', 'open', '2019-03-13 11:09:53');

-- --------------------------------------------------------

--
-- Table structure for table `map_group_member`
--

CREATE TABLE `map_group_member` (
  `ids` int(100) NOT NULL,
  `group_id` varchar(100) DEFAULT NULL,
  `member_id` int(100) DEFAULT NULL,
  `parent_id` varchar(30) NOT NULL DEFAULT '0'
) ENGINE=InnoDB DEFAULT CHARSET=latin1;

--
-- Dumping data for table `map_group_member`
--

INSERT INTO `map_group_member` (`ids`, `group_id`, `member_id`, `parent_id`) VALUES
(1, 'f2_g2', 2, '0'),
(2, 'f2_g2', 9, '0');

-- --------------------------------------------------------

--
-- Table structure for table `map_plan_frenchise`
--

CREATE TABLE `map_plan_frenchise` (
  `frenchise_id` varchar(30) DEFAULT NULL,
  `plan_id` int(30) DEFAULT NULL
) ENGINE=InnoDB DEFAULT CHARSET=latin1;

--
-- Dumping data for table `map_plan_frenchise`
--

INSERT INTO `map_plan_frenchise` (`frenchise_id`, `plan_id`) VALUES
('2', 1),
('2', 2),
('2', 3),
('2', 4),
('2', 5),
('2', 6),
('2', 7),
('2', 8),
('2', 9),
('2', 10),
('2', 11),
('2', 12),
('2', 14),
('2', 15),
('2', 16),
('2', 17),
('2', 18),
('2', 19),
('2', 20),
('2', 21),
('2', 22),
('2', 23),
('2', 24),
('2', 25),
('2', 26),
('2', 27),
('2', 28),
('2', 29),
('2', 30),
('2', 31),
('2', 32),
('2', 33),
('2', 34),
('2', 35),
('2', 36);

-- --------------------------------------------------------

--
-- Table structure for table `master_attend_type`
--

CREATE TABLE `master_attend_type` (
  `id` int(40) NOT NULL,
  `name` varchar(30) NOT NULL
) ENGINE=InnoDB DEFAULT CHARSET=latin1;

--
-- Dumping data for table `master_attend_type`
--

INSERT INTO `master_attend_type` (`id`, `name`) VALUES
(1, 'walkin'),
(2, 'call'),
(3, 'sms'),
(4, 'website'),
(1, 'walkin'),
(2, 'call'),
(3, 'sms'),
(4, 'website');

-- --------------------------------------------------------

--
-- Table structure for table `master_authorization`
--

CREATE TABLE `master_authorization` (
  `id` int(20) NOT NULL,
  `role` varchar(100) NOT NULL
) ENGINE=InnoDB DEFAULT CHARSET=latin1;

--
-- Dumping data for table `master_authorization`
--

INSERT INTO `master_authorization` (`id`, `role`) VALUES
(0, 'super admin'),
(1, 'admin'),
(2, 'staff'),
(3, 'customer');

-- --------------------------------------------------------

--
-- Table structure for table `master_id_proof`
--

CREATE TABLE `master_id_proof` (
  `id` int(20) NOT NULL,
  `name` varchar(100) NOT NULL,
  `f_id` varchar(30) NOT NULL
) ENGINE=InnoDB DEFAULT CHARSET=latin1;

-- --------------------------------------------------------

--
-- Table structure for table `master_invoice`
--

CREATE TABLE `master_invoice` (
  `id` int(8) NOT NULL,
  `invoice_id` int(15) NOT NULL,
  `particular` varchar(100) NOT NULL,
  `quantity` int(8) DEFAULT NULL,
  `unit` varchar(20) DEFAULT NULL,
  `price` int(10) NOT NULL,
  `f_id` varchar(3) DEFAULT NULL
) ENGINE=InnoDB DEFAULT CHARSET=latin1;

--
-- Dumping data for table `master_invoice`
--

INSERT INTO `master_invoice` (`id`, `invoice_id`, `particular`, `quantity`, `unit`, `price`, `f_id`) VALUES
(1, 1, 'cctv ', 1, NULL, 1300, '1'),
(2, 2, 'cctv ', 3, NULL, 3900, '1'),
(3, 3, 'cctv ', 5, NULL, 6500, '1'),
(4, 4, 'cctv ', 2, NULL, 2600, '1'),
(5, 5, 'cctv ', 1, NULL, 1300, '1'),
(6, 6, 'bottle', 5, NULL, 30, '1'),
(7, 6, 'd link router', 6, NULL, 2000, '1'),
(8, 6, 'cctv ', 1, NULL, 1300, '1'),
(9, 8, 'cctv ', 2, NULL, 1300, '1'),
(10, 9, 'cctv ', 1, NULL, 1300, '1'),
(11, 10, 'aalu', 2, NULL, 30, '1'),
(12, 11, 'aalu', 5, NULL, 60, '1'),
(13, 11, 'd link router', 1, NULL, 2000, '1'),
(14, 12, 'cctv ', 2, NULL, 2600, '1'),
(15, 13, 'cctv ', 1, 'pieces', 1300, '1'),
(16, 14, 'd link router', 1, NULL, 2000, '1'),
(17, 15, 'd link router', 2, NULL, 4000, '1'),
(18, 16, 'recharge', NULL, NULL, 200, '1'),
(19, 16, 'recharge', NULL, NULL, 200, '1'),
(20, 17, 'sim ', NULL, NULL, 400, '1'),
(21, 17, 'recharge', NULL, NULL, 200, '1'),
(22, 18, 'sim ', NULL, NULL, 400, '1'),
(23, 19, 'recharge', NULL, NULL, 200, '1'),
(24, 1, 'parley-g', 1, NULL, 30, '7'),
(25, 2, 'parley-g', 5, NULL, 30, '7'),
(26, 3, 'parley-g', 1, NULL, 27, '7'),
(27, 4, 'parley-g', 1, NULL, 30, '7'),
(28, 5, 'parley-g', 1, 'pieces', 30, '7'),
(29, 1, 'recharge', NULL, NULL, 30, '9'),
(30, 2, 'recharge', NULL, NULL, 30, '9'),
(31, 3, 'recharge', NULL, NULL, 30, '9'),
(32, 20, 'recharge', NULL, NULL, 200, '1'),
(33, 22, 'cctv ', 1, 'pieces', 1300, '1'),
(34, 23, 'cctv ', 1, 'pieces', 1300, '1'),
(35, 24, 'cctv ', 1, 'pieces', 1300, '1'),
(36, 26, 'recharge', NULL, '', 200, '1'),
(37, 1, 'nokia mobile n72', 1, 'pieces', 10350, '12'),
(38, 2, 'nokia mobile n72', 1, 'pieces', 11500, '12'),
(39, 3, 'nokia mobile n72', 1, 'pieces', 11500, '12'),
(40, 4, 'nokia mobile n72', 2, 'pieces', 23000, '12'),
(41, 5, 'nokia mobile n72', 3, 'pieces', 34500, '12'),
(42, 1, 'camera', 2, 'pieces', 360, '13'),
(43, 1, 'cctv', 3, 'pieces', 1620, '14'),
(44, 2, 'installment of camera', 1, 'once', 400, '14'),
(45, 2, 'camera cctv', NULL, 'pieces', 30, '14'),
(46, 3, 'installment of camera', 1, 'once', 400, '14'),
(47, 3, 'camera cctv', NULL, 'pieces', 50, '14'),
(48, 4, 'installment of camera', 3, 'once', 400, '14'),
(49, 4, 'camera cctv', NULL, 'pieces', 90, '14'),
(50, 5, 'installment of camera', 1, 'once', 400, '14'),
(51, 5, 'camera cctv', 1, 'pieces', 33, '14'),
(52, 6, 'camera cctv', 2, 'pieces', 60, '14'),
(53, 7, 'router', 2, 'pieces', 3000, '14'),
(54, 1, 'bags', 1, 'pieces', 600, '15'),
(55, 1, 'installment of camera', NULL, '', 300, '16'),
(56, 8, 'camera cctv', 1, 'pieces', 33, '14'),
(57, 9, 'setup of monitor', 1, 'once', 50, '14'),
(58, 9, '45 inch monitor', 1, 'pieces', 50000, '14'),
(59, 10, '45 inch monitor', 1, 'pieces', 28000, '14'),
(60, 1, 'camera 10mp', 2, 'pieces', 2800, '17'),
(61, 2, 'camera 10mp', 1, 'pieces', 1400, '17'),
(62, 2, 'camera installment', 1, 'once', 300, '17');

-- --------------------------------------------------------

--
-- Table structure for table `master_payment_type`
--

CREATE TABLE `master_payment_type` (
  `id` int(10) NOT NULL,
  `name` varchar(40) NOT NULL,
  `f_id` varchar(30) NOT NULL
) ENGINE=InnoDB DEFAULT CHARSET=latin1;

--
-- Dumping data for table `master_payment_type`
--

INSERT INTO `master_payment_type` (`id`, `name`, `f_id`) VALUES
(1, 'cash', '1'),
(2, 'card swipe', '1'),
(3, 'online', ''),
(4, 'cheque', '1');

-- --------------------------------------------------------

--
-- Table structure for table `payment_details`
--

CREATE TABLE `payment_details` (
  `id` int(10) NOT NULL,
  `payment_id` int(20) DEFAULT NULL,
  `order_reference` varchar(20) NOT NULL,
  `invoice_id` varchar(20) NOT NULL,
  `amount` varchar(10) NOT NULL,
  `staff_id` varchar(8) NOT NULL,
  `customer_id` varchar(8) DEFAULT NULL,
  `payment_date` datetime NOT NULL,
  `payment_method` varchar(20) NOT NULL,
  `f_id` varchar(10) NOT NULL
) ENGINE=InnoDB DEFAULT CHARSET=latin1;

--
-- Dumping data for table `payment_details`
--

INSERT INTO `payment_details` (`id`, `payment_id`, `order_reference`, `invoice_id`, `amount`, `staff_id`, `customer_id`, `payment_date`, `payment_method`, `f_id`) VALUES
(1, 1, '1', '1', '1500', '1', '16', '2019-02-23 15:04:43', 'cash', '1'),
(2, 2, '1', '1', '34', '1', '11', '2019-02-23 15:15:56', '1', '1'),
(3, 3, '3', '3', '5000', '1', '20', '2019-02-25 13:48:25', 'cash', '1'),
(4, 4, '3', '3', '1000', '1', '20', '2019-02-25 13:49:47', 'cash', '1'),
(5, 5, '3', '3', '10', '1', '20', '2019-02-25 14:41:08', 'card swipe', '1'),
(6, 6, '3', '3', '40', '1', '20', '2019-02-25 14:57:30', 'cash', '1'),
(7, 7, '4', '4', '3068', '1', '16', '2019-02-25 16:27:13', 'cash', '1'),
(8, 8, '5', '5', '1534', '1', '20', '2019-02-26 11:53:20', 'cash', '1'),
(9, 9, '9', '9', '10', '1', '16', '2019-03-01 13:10:26', 'cash', '1'),
(10, 10, '10', '10', '35', '1', '20', '2019-03-01 16:14:38', 'cash', '1'),
(11, 11, '13', '13', '12', '1', '19', '2019-03-01 17:26:53', 'cash', '1'),
(12, 12, '14', '14', '20', '1', '22', '2019-03-02 16:30:06', 'cash', '1'),
(13, 13, '15', '15', '200', '1', '27', '2019-03-02 16:32:15', 'online', '1'),
(14, 14, '18', '18', '200', '1', '16', '2019-03-04 11:39:05', 'cash', '1'),
(15, 15, '19', '19', '32', '1', '20', '2019-03-04 11:40:38', 'cash', '1'),
(16, 1, '1', '1', '212121', '34', '', '2019-03-04 16:03:52', 'cash', '7'),
(17, 2, '2', '2', '10', '34', '32', '2019-03-04 16:18:30', 'cash', '7'),
(18, 3, '3', '3', '20', '34', '32', '2019-03-04 17:17:48', 'cash', '7'),
(19, 16, '20', '20', '122', '1', '19', '2019-03-05 14:55:28', 'cash', '1'),
(20, 17, '21', '22', '33', '1', '16', '2019-03-05 15:31:29', '', '1'),
(21, 18, '22', '23', '2', '1', '19', '2019-03-05 15:32:38', '', '1'),
(22, 19, '23', '24', '1', '1', '19', '2019-03-05 15:59:15', 'cash', '1'),
(23, 1, '1', '1', '10000', '39', '34', '2019-03-06 11:25:46', 'cash', '12'),
(24, 2, '2', '2', '1000', '39', '34', '2019-03-06 18:51:51', 'cash', '12'),
(25, 3, '3', '3', '1000', '39', '34', '2019-03-07 10:33:19', 'cash', '12'),
(26, 4, '4', '4', '12000', '39', '34', '2019-03-07 11:01:59', 'cash', '12'),
(27, 5, '5', '5', '15000', '39', '34', '2019-03-07 11:05:20', 'cheque', '12'),
(28, 1, '1', '1', '300', '41', '39', '2019-03-07 13:14:42', 'cash', '13'),
(29, 1, '1', '1', '1000', '42', '41', '2019-03-07 15:25:27', 'cash', '14'),
(30, NULL, '1', '1', '500', '42', '41', '2019-03-07 15:26:35', 'cash', '14'),
(31, NULL, '3', '2', '430', '42', '42', '2019-03-12 12:16:08', 'cash', '14'),
(32, 2, '4', '3', '200', '42', '42', '2019-03-12 12:36:00', 'cash', '14'),
(33, 3, '5', '4', '50', '42', '41', '2019-03-12 13:05:56', 'cash', '14'),
(34, 4, '7', '6', '10', '42', '41', '2019-03-12 14:53:00', 'cash', '14'),
(35, 5, '8', '7', '1000', '42', '41', '2019-03-12 18:45:49', 'cash', '14'),
(36, 1, '1', '1', '200', '44', '45', '2019-03-13 13:44:47', 'cash', '16'),
(37, 6, '9', '8', '33', '42', '41', '2019-03-13 16:46:15', 'cash', '14'),
(38, 7, '10', '9', '50000', '42', '43', '2019-03-14 12:14:10', 'swipe', '14'),
(39, 8, '11', '10', '500', '42', '43', '2019-03-15 11:02:31', 'cash', '14'),
(40, 1, '1', '1', '1500', '49', '46', '2019-03-15 17:01:09', 'cash', '17');

-- --------------------------------------------------------

--
-- Table structure for table `purchase_item`
--

CREATE TABLE `purchase_item` (
  `id` int(10) NOT NULL,
  `item_id` int(5) DEFAULT NULL,
  `description` varchar(255) DEFAULT NULL,
  `selling_price` varchar(10) NOT NULL,
  `purchase_price` varchar(10) DEFAULT NULL,
  `total_purchase_price` varchar(7) DEFAULT NULL,
  `model_no` varchar(20) DEFAULT NULL,
  `serial_no` varchar(20) DEFAULT NULL,
  `item_company` varchar(30) DEFAULT NULL,
  `unit` varchar(30) DEFAULT NULL,
  `quantity` varchar(20) DEFAULT NULL,
  `quantity_out` int(10) DEFAULT '0',
  `quantity_for_sale` int(10) DEFAULT NULL,
  `f_id` varchar(8) NOT NULL,
  `vendor_id` varchar(7) DEFAULT NULL,
  `vendor_invoice_no` varchar(13) DEFAULT NULL,
  `created_at` datetime NOT NULL,
  `created_by` int(5) NOT NULL,
  `status` varchar(3) NOT NULL DEFAULT '1'
) ENGINE=InnoDB DEFAULT CHARSET=latin1;

--
-- Dumping data for table `purchase_item`
--

INSERT INTO `purchase_item` (`id`, `item_id`, `description`, `selling_price`, `purchase_price`, `total_purchase_price`, `model_no`, `serial_no`, `item_company`, `unit`, `quantity`, `quantity_out`, `quantity_for_sale`, `f_id`, `vendor_id`, `vendor_invoice_no`, `created_at`, `created_by`, `status`) VALUES
(13, 4, NULL, '1500', '1001', '10000', NULL, NULL, 'dlink', 'pieces', '10', 2, 8, '14', '2', '123', '2019-03-12 18:43:33', 42, '1'),
(14, 5, NULL, '600', '500', '5000', NULL, NULL, 'usha', 'pieces', '10', 1, 9, '15', '3', '1', '2019-03-13 12:57:31', 43, '1'),
(15, 3, NULL, '300', '200', '2000', NULL, NULL, 'tenda', 'pieces', '10', 0, 10, '14', '2', '12', '2019-03-14 11:56:28', 42, '1'),
(16, 6, NULL, '50000', '30000', '450000', NULL, NULL, 'lg', 'pieces', '15', 1, 14, '14', '2', '', '2019-03-14 12:07:46', 42, '1'),
(17, 6, NULL, '40000', '30000', '300000', NULL, NULL, 'LG', 'pieces', '10', 1, 9, '14', '2', '32', '2019-03-15 10:41:19', 42, '1'),
(18, 7, NULL, '1400', '1000', '5000', NULL, NULL, 'videocon', 'pieces', '5', 1, 2, '17', '4', '001122', '2019-03-15 17:00:41', 49, '1');

-- --------------------------------------------------------

--
-- Table structure for table `quotation`
--

CREATE TABLE `quotation` (
  `id` int(10) NOT NULL,
  `f_id` varchar(3) NOT NULL,
  `c_name` varchar(19) NOT NULL,
  `c_email` varchar(30) DEFAULT NULL,
  `c_mobile` varchar(13) DEFAULT NULL,
  `f_company_name` varchar(30) NOT NULL,
  `f_email` varchar(30) NOT NULL,
  `f_mobile` varchar(13) NOT NULL,
  `f_address` text NOT NULL,
  `f_company_logo` varchar(255) DEFAULT NULL,
  `f_city` varchar(30) NOT NULL,
  `f_pincode` varchar(6) NOT NULL,
  `tax` varchar(8) NOT NULL,
  `tax_percent` int(4) NOT NULL,
  `subtotal` varchar(8) NOT NULL,
  `grand_total` varchar(8) NOT NULL,
  `staff_id` int(3) NOT NULL,
  `terms` text,
  `created_at` datetime NOT NULL
) ENGINE=InnoDB DEFAULT CHARSET=latin1;

--
-- Dumping data for table `quotation`
--

INSERT INTO `quotation` (`id`, `f_id`, `c_name`, `c_email`, `c_mobile`, `f_company_name`, `f_email`, `f_mobile`, `f_address`, `f_company_logo`, `f_city`, `f_pincode`, `tax`, `tax_percent`, `subtotal`, `grand_total`, `staff_id`, `terms`, `created_at`) VALUES
(1, '14', 'gdfg', 't@gfg.com', '4454343', '9yug', 'vivek.et1993@gmail.com', '7828161459', 'supela', NULL, 'durg', '491001', '0.00', 0, '', '10659.00', 42, NULL, '2019-03-11 18:35:31'),
(2, '14', 'gdfg', 't@gfg.com', '4454343', '9yug', 'vivek.et1993@gmail.com', '7828161459', 'supela', NULL, 'durg', '491001', '0.00', 0, '', '10659.00', 42, NULL, '2019-03-11 18:38:23'),
(3, '14', 'ajay chauhan', 'vivek.et1993@gmail.com', '9328162932', '9yug', 'vivek.et1993@gmail.com', '7828161459', 'supela', NULL, 'durg', '491001', '0.00', 0, '', '41.00', 42, NULL, '2019-03-12 10:23:39'),
(4, '14', 'kapil chhabda', 'vivek@gmail.com', '0127309217', '9yug', 'vivek.et1993@gmail.com', '7828161459', 'supela', NULL, 'durg', '491001', '0.00', 0, '3194.00', '3194.00', 42, 'it is only valid 30 days', '2019-03-12 11:27:42');

-- --------------------------------------------------------

--
-- Table structure for table `quotation_details`
--

CREATE TABLE `quotation_details` (
  `id` int(10) NOT NULL,
  `item_name` varchar(50) NOT NULL,
  `qty` int(6) DEFAULT NULL,
  `unit_price` varchar(10) NOT NULL,
  `total_price` int(10) DEFAULT NULL,
  `quo_id` int(5) NOT NULL,
  `f_id` int(3) NOT NULL
) ENGINE=InnoDB DEFAULT CHARSET=latin1;

--
-- Dumping data for table `quotation_details`
--

INSERT INTO `quotation_details` (`id`, `item_name`, `qty`, `unit_price`, `total_price`, `quo_id`, `f_id`) VALUES
(1, '43', 33, '323', 10659, 2, 14),
(2, 'iufwgiuf ', 1, '32', 32, 3, 14),
(3, 'camera', 3, '3', 9, 3, 14),
(4, 'camera', 3, '998', 2994, 4, 14),
(5, 'installment', 1, '200', 200, 4, 14);

-- --------------------------------------------------------

--
-- Table structure for table `sales`
--

CREATE TABLE `sales` (
  `id` int(10) NOT NULL,
  `customer_name` varchar(90) NOT NULL,
  `customer_id` varchar(8) DEFAULT NULL,
  `email` varchar(15) DEFAULT NULL,
  `mobile` varchar(13) NOT NULL,
  `order_id` int(10) DEFAULT NULL,
  `f_id` varchar(10) DEFAULT NULL,
  `total` varchar(10) DEFAULT NULL,
  `created_by` varchar(10) NOT NULL,
  `created_at` datetime NOT NULL
) ENGINE=InnoDB DEFAULT CHARSET=latin1;

--
-- Dumping data for table `sales`
--

INSERT INTO `sales` (`id`, `customer_name`, `customer_id`, `email`, `mobile`, `order_id`, `f_id`, `total`, `created_by`, `created_at`) VALUES
(1, 'shubham nayak', '16', 'vivek.et1993@gm', '2311231', 1, '1', '1534', '1', '2019-02-23 15:04:43'),
(2, 'tarun', '18', 'v@gmail.com', '7828161459', 2, '1', '4602', '1', '2019-02-23 15:39:44'),
(3, 'rana patap singh', '20', 'ranatally118@gm', '9109636660', 3, '1', '7670', '1', '2019-02-25 13:47:43'),
(4, 'shubham nayak', '16', 'vivek.et1993@gm', '2311231', 4, '1', '3068', '1', '2019-02-25 15:42:32'),
(5, 'rana patap singh', '20', 'ranatally118@gm', '9109636660', 5, '1', '1534', '1', '2019-02-25 17:32:04'),
(6, 'rahul', '19', 'rahul@gmail.com', '1312313123', 6, '1', '3929', '1', '2019-02-26 15:40:49'),
(8, 'shubham nayak', '16', 'vivek.et1993@gm', '2311231', 8, '1', '1534', '1', '2019-02-28 17:41:52'),
(9, 'shubham nayak', '16', 'vivek.et1993@gm', '2311231', 9, '1', '1534', '1', '2019-03-01 13:10:26'),
(10, 'rana patap singh', '20', 'ranatally118@gm', '9109636660', 10, '1', '35', '1', '2019-03-01 16:14:37'),
(11, 'rana patap singh', '20', 'ranatally118@gm', '9109636660', 11, '1', '2431', '1', '2019-03-01 16:23:45'),
(12, 'rahul', '19', 'rahul@gmail.com', '1312313123', 12, '1', '3068', '1', '2019-03-01 17:18:58'),
(13, 'rahul', '19', 'rahul@gmail.com', '1312313123', 13, '1', '1534', '1', '2019-03-01 17:26:53'),
(14, 'golu', '22', 'rahul@gmail.com', '4234234234', 14, '1', '2360', '1', '2019-03-02 16:30:05'),
(15, 'vikas bhaskar', '27', 'vikas@gmail.com', '9216321936', 15, '1', '4720', '1', '2019-03-02 16:32:14'),
(16, 'rahul', '19', 'rahul@gmail.com', '1312313123', 16, '1', '472', '1', '2019-03-04 10:46:16'),
(17, '', '19', '', '', 17, '1', '708', '1', '2019-03-04 11:30:24'),
(18, '', '16', '', '', 18, '1', '472', '1', '2019-03-04 11:39:05'),
(19, 'rana patap singh', '20', '', '9109636660', 19, '1', '236', '1', '2019-03-04 11:40:37'),
(20, '', '', '', '', 1, '7', '35', '34', '2019-03-04 16:03:51'),
(21, 'vivek chourasiay', '32', 'rahul@gmail.com', '5424234234', 2, '7', '35', '34', '2019-03-04 16:18:30'),
(22, 'vivek chourasiay', '32', 'rahul@gmail.com', '5424234234', 3, '7', '32', '34', '2019-03-04 17:17:48'),
(23, 'vivek chourasiay', '32', 'rahul@gmail.com', '5424234234', 4, '7', '30', '34', '2019-03-04 17:36:20'),
(24, 'vivek chourasiay', '32', 'rahul@gmail.com', '5424234234', 5, '7', '30', '34', '2019-03-04 17:37:43'),
(28, 'rahul', '19', '', '1312313123', 20, '1', '236', '1', '2019-03-05 14:55:28'),
(30, 'shubham nayak', '16', 'vivek.et1993@gm', '2311231', 21, '1', '1534', '1', '2019-03-05 15:31:29'),
(31, 'rahul', '19', 'rahul@gmail.com', '1312313123', 22, '1', '1534', '1', '2019-03-05 15:32:38'),
(32, 'rahul', '19', 'rahul@gmail.com', '1312313123', 23, '1', '1534', '1', '2019-03-05 15:59:15'),
(34, 'rahul', '19', '', '1312313123', 25, '1', '236', '1', '2019-03-05 17:36:08'),
(35, 'raman', '34', 'raman@gmail.com', '2131239213', 1, '12', '10350', '39', '2019-03-06 11:25:46'),
(36, 'raman', '34', 'raman@gmail.com', '2131239213', 2, '12', '11500', '39', '2019-03-06 18:51:50'),
(37, 'raman', '34', 'raman@gmail.com', '2131239213', 3, '12', '11500', '39', '2019-03-07 10:33:18'),
(38, 'raman', '34', 'raman@gmail.com', '2131239213', 4, '12', '23000', '39', '2019-03-07 11:01:59'),
(39, 'raman', '34', 'raman@gmail.com', '2131239213', 5, '12', '34500', '39', '2019-03-07 11:05:19'),
(40, 'vikas sharma', '39', 'rahul@gmail.com', '4623942364', 1, '13', '360', '41', '2019-03-07 13:14:41'),
(41, 'rakesh', '41', 'rakesh@gmail.co', '7866876876', 1, '14', '1620', '42', '2019-03-07 15:25:26'),
(42, 'manish ', '42', 'v@gmail.com', '4234340242', 2, '14', '430', '42', '2019-03-12 12:06:56'),
(43, 'manish ', '42', 'v@gmail.com', '4234340242', 3, '14', '430', '42', '2019-03-12 12:14:18'),
(44, 'manish ', '42', 'v@gmail.com', '4234340242', 4, '14', '450', '42', '2019-03-12 12:34:56'),
(45, 'rakesh', '41', 'rakesh@gmail.co', '7866876876', 5, '14', '490', '42', '2018-12-20 00:00:00'),
(46, 'manish ', '42', 'v@gmail.com', '4234340242', 6, '14', '433', '42', '2019-02-13 13:10:37'),
(47, 'rakesh', '41', 'rakesh@gmail.co', '7866876876', 7, '14', '60', '42', '2019-03-12 14:53:00'),
(48, 'rakesh', '41', 'rakesh@gmail.co', '7866876876', 8, '14', '3000', '42', '2019-03-12 18:45:48'),
(49, 'SAURABH', '44', 'VIVEK@GMAIL.COM', '7648764876', 1, '15', '600', '43', '2019-03-13 13:02:31'),
(50, 'rahul', '45', '', '2232424234', 1, '16', '300', '44', '2019-03-13 13:44:47'),
(51, 'rakesh', '41', 'rakesh@gmail.co', '7866876876', 9, '14', '33', '42', '2019-03-13 16:46:14'),
(52, 'vikas', '43', 'vikas@gmail.com', '3424234234', 10, '14', '50050', '42', '2019-03-14 12:14:10'),
(53, 'vikas', '43', 'vikas@gmail.com', '3424234234', 11, '14', '28000', '42', '2019-03-15 11:02:31'),
(54, 'pritam kumar', '46', 'pritam@gmail.co', '8532785328', 1, '17', '2800', '49', '2019-03-15 17:01:08'),
(55, 'pritam kumar', '46', 'pritam@gmail.co', '8532785328', 2, '17', '1700', '49', '2019-03-15 17:21:31');

-- --------------------------------------------------------

--
-- Table structure for table `sales_details`
--

CREATE TABLE `sales_details` (
  `id` int(10) NOT NULL,
  `order_no` int(20) NOT NULL,
  `f_id` varchar(9) NOT NULL,
  `particular` varchar(100) NOT NULL,
  `price` varchar(10) NOT NULL,
  `quantity` int(10) DEFAULT NULL,
  `discount_percent` varchar(5) DEFAULT NULL,
  `purchase_price` varchar(20) DEFAULT NULL,
  `type` int(2) NOT NULL COMMENT '1 for product,2 for service',
  `created_at` datetime DEFAULT NULL
) ENGINE=InnoDB DEFAULT CHARSET=latin1;

--
-- Dumping data for table `sales_details`
--

INSERT INTO `sales_details` (`id`, `order_no`, `f_id`, `particular`, `price`, `quantity`, `discount_percent`, `purchase_price`, `type`, `created_at`) VALUES
(1, 1, '1', '1', '1300', 1, '', NULL, 0, '2019-02-23 15:04:43'),
(2, 2, '1', '1', '3900', 3, '', NULL, 0, '2019-02-23 15:39:44'),
(3, 3, '1', '1', '6500', 5, '', NULL, 0, '2019-02-25 13:47:43'),
(4, 4, '1', '1', '2600', 2, '', NULL, 0, '2019-02-25 15:42:32'),
(5, 5, '1', '1', '1300', 1, '', NULL, 0, '2019-02-25 17:32:04'),
(6, 6, '1', '3', '30', 5, '', NULL, 0, '2019-02-26 15:40:49'),
(7, 6, '1', '2', '2000', 6, '', NULL, 0, '2019-02-26 15:40:49'),
(8, 6, '1', '1', '1300', 1, '', NULL, 0, '2019-02-26 15:40:49'),
(9, 8, '1', '1', '1300', 2, '', NULL, 0, '2019-02-28 17:41:52'),
(10, 9, '1', '1', '1300', 1, '', NULL, 0, '2019-03-01 13:10:26'),
(11, 10, '1', '4', '30', 2, '', NULL, 0, '2019-03-01 16:14:37'),
(12, 11, '1', '4', '60', 5, '', NULL, 0, '2019-03-01 16:23:45'),
(13, 11, '1', '2', '2000', 1, '', NULL, 0, '2019-03-01 16:23:45'),
(14, 12, '1', '1', '2600', 2, '', NULL, 0, '2019-03-01 17:18:58'),
(15, 13, '1', '1', '1300', 1, '', NULL, 0, '2019-03-01 17:26:53'),
(16, 14, '1', '2', '2000', 1, '', NULL, 0, '2019-03-02 16:30:05'),
(17, 15, '1', '2', '4000', 2, '', NULL, 0, '2019-03-02 16:32:14'),
(18, 16, '1', '1', '200', NULL, NULL, NULL, 0, '2019-03-04 10:46:16'),
(19, 16, '1', '1', '200', NULL, NULL, NULL, 0, '2019-03-04 10:46:16'),
(20, 17, '1', '2', '400', NULL, NULL, NULL, 0, '2019-03-04 11:30:24'),
(21, 17, '1', '1', '200', NULL, NULL, NULL, 0, '2019-03-04 11:30:24'),
(22, 18, '1', '2', '400', NULL, NULL, NULL, 0, '2019-03-04 11:39:05'),
(23, 19, '1', '1', '200', NULL, NULL, NULL, 0, '2019-03-04 11:40:37'),
(24, 1, '7', '5', '30', 1, '', NULL, 0, '2019-03-04 16:03:51'),
(25, 2, '7', '5', '30', 5, '', NULL, 0, '2019-03-04 16:18:30'),
(26, 3, '7', '5', '27', 1, '10', NULL, 0, '2019-03-04 17:17:48'),
(27, 4, '7', '5', '30', 1, '', NULL, 0, '2019-03-04 17:36:20'),
(28, 5, '7', '5', '30', 1, '', NULL, 0, '2019-03-04 17:37:43'),
(29, 1, '9', '6', '30', NULL, NULL, NULL, 0, '2019-03-04 18:02:02'),
(30, 2, '9', '6', '30', NULL, NULL, NULL, 0, '2019-03-04 18:35:26'),
(31, 3, '9', '6', '30', NULL, NULL, NULL, 0, '2019-03-04 18:39:04'),
(32, 20, '1', '1', '200', NULL, NULL, NULL, 0, '2019-03-05 14:55:28'),
(33, 21, '1', '1', '1300', 1, '', NULL, 0, '2019-03-05 15:31:29'),
(34, 22, '1', '1', '1300', 1, '', NULL, 0, '2019-03-05 15:32:38'),
(35, 23, '1', '1', '1300', 1, '', NULL, 0, '2019-03-05 15:59:15'),
(36, 25, '1', '1', '200', NULL, NULL, NULL, 0, '2019-03-05 17:36:08'),
(37, 1, '12', '6', '10350', 1, '10', NULL, 0, '2019-03-06 11:25:46'),
(38, 2, '12', '6', '11500', 1, '', NULL, 0, '2019-03-06 18:51:50'),
(39, 3, '12', '6', '11500', 1, '', NULL, 0, '2019-03-07 10:33:18'),
(40, 4, '12', '6', '23000', 2, '', NULL, 0, '2019-03-07 11:01:59'),
(41, 5, '12', '6', '34500', 3, '', NULL, 0, '2019-03-07 11:05:19'),
(42, 1, '13', '7', '360', 2, '10', NULL, 0, '2019-03-07 13:14:41'),
(43, 1, '14', '8', '1620', 3, '10', '4', 0, '2019-03-07 15:25:26'),
(44, 3, '14', '10', '400', 1, '', '34', 0, '2018-12-19 12:14:18'),
(45, 4, '14', '12', '400', 1, '', '343', 0, '2019-03-12 12:34:56'),
(46, 5, '14', '10', '400', 3, '', '23', 0, '2019-03-12 13:05:56'),
(47, 6, '14', '11', '400', 1, '', '20', 0, '2019-01-10 13:10:37'),
(48, 7, '14', '10', '60', 2, '', '10', 0, '2019-02-13 00:00:00'),
(49, 8, '14', '13', '3000', 2, '', '2000', 0, '2019-03-12 18:45:48'),
(50, 1, '15', '14', '600', 1, '', '300', 0, '2019-03-13 13:02:31'),
(51, 1, '16', '8', '300', NULL, NULL, '100', 0, '2019-03-13 13:44:47'),
(52, 9, '14', '11', '33', 1, '', '25', 0, '2019-03-13 16:46:14'),
(53, 10, '14', '16', '50', 1, '', '30', 0, '2019-03-14 12:14:10'),
(54, 11, '14', '17', '28000', 1, '30', '30000', 0, '2019-03-15 11:02:31'),
(55, 1, '17', '18', '2800', 2, '', '1000', 0, '2019-03-15 17:01:08'),
(56, 2, '17', '18', '1400', 1, '', '1000', 0, '2019-03-15 17:21:31');

-- --------------------------------------------------------

--
-- Table structure for table `seller`
--

CREATE TABLE `seller` (
  `id` int(10) NOT NULL,
  `name` varchar(15) NOT NULL,
  `email` varchar(40) NOT NULL,
  `mobile` varchar(13) NOT NULL,
  `address` text NOT NULL,
  `city` varchar(30) NOT NULL,
  `pincode` int(10) DEFAULT NULL,
  `type` int(4) NOT NULL,
  `created_at` datetime NOT NULL
) ENGINE=InnoDB DEFAULT CHARSET=latin1;

--
-- Dumping data for table `seller`
--

INSERT INTO `seller` (`id`, `name`, `email`, `mobile`, `address`, `city`, `pincode`, `type`, `created_at`) VALUES
(1, 'admin', 'admin@gmail.com', '3123123213', 'h/no 2 ,sindhiya nagar', 'durg', 123456, 3, '2019-02-14 00:00:00'),
(12, 'bisnu rajak', 'vivek.et1993@gmail.com', '7828161459', 'floor 4, chroda,near sirsa gate', 'durg', 491001, 3, '2019-03-05 17:44:35'),
(13, 'guru', 'tech@gmail.com', '7828161459', 'supela ghadi chowk', 'durg', 491001, 3, '2019-03-07 12:55:32'),
(14, 'vivek', 'vivek.et1993@gmail.com', '7828161459', 'supela', 'durg', 491001, 3, '2019-03-07 15:16:36'),
(15, 'manish', 'vivek@gmail.com', '2378463236', '76327628738', 'durg', 491002, 2, '2019-03-13 12:47:40'),
(16, 'sambhu', 'vivek.et1993@gmail.com', '32683768', 'power house ', 'durg', 491001, 1, '2019-03-13 12:48:45'),
(17, 'navkar', 'navkar@gmail.com', '9432942394', 'samta colony new adarsh nagar', 'bhilai', 491002, 3, '2019-03-15 15:23:36');

-- --------------------------------------------------------

--
-- Table structure for table `seller_setting`
--

CREATE TABLE `seller_setting` (
  `id` int(20) NOT NULL,
  `f_id` varchar(10) NOT NULL,
  `company_name` varchar(50) DEFAULT NULL,
  `gst_number` varchar(20) DEFAULT NULL,
  `customer_care` varchar(15) DEFAULT NULL,
  `invoice_template` varchar(5) DEFAULT '0' COMMENT '0 is default',
  `dashboard_template` varchar(5) DEFAULT '0' COMMENT '0 is default for all',
  `reciept_template` int(5) DEFAULT NULL COMMENT '0 is default for all',
  `logo` varchar(30) DEFAULT NULL,
  `tax` varchar(200) DEFAULT NULL,
  `panel_color` varchar(40) DEFAULT NULL,
  `terms` text,
  `menu` text,
  `dashboard_setting` varchar(255) DEFAULT '',
  `invoice_due_day` int(3) NOT NULL DEFAULT '10',
  `auto_logout` int(11) DEFAULT '0',
  `auto_logout_time` int(11) DEFAULT '360' COMMENT 'in seconds'
) ENGINE=InnoDB DEFAULT CHARSET=latin1;

--
-- Dumping data for table `seller_setting`
--

INSERT INTO `seller_setting` (`id`, `f_id`, `company_name`, `gst_number`, `customer_care`, `invoice_template`, `dashboard_template`, `reciept_template`, `logo`, `tax`, `panel_color`, `terms`, `menu`, `dashboard_setting`, `invoice_due_day`, `auto_logout`, `auto_logout_time`) VALUES
(1, '1', 'ENEXT IT', '1213123132131', '234234234234', '0', '0', NULL, 'd', '[{\"cgst\":\"9\"},{\"sgst\":\"9\"}]', 'blue', '<p>provide service to postpaid,prepaid users</p>', '{\"dashboard\":\"dashboard\",\"staff\":\"employee\",\"ticket\":\"ticket\",\"account\":\"account\",\"customer\":\"customers\"}', '', 10, 0, 6),
(6, '2', 'surya cyber', NULL, NULL, '0', '0', NULL, NULL, NULL, NULL, NULL, NULL, '', 10, 0, 360),
(7, '3', 'tuteja tutorial', NULL, NULL, '0', '0', NULL, NULL, NULL, NULL, NULL, NULL, '', 10, 0, 360),
(8, '4', 'Navkar', NULL, NULL, '0', '0', NULL, NULL, NULL, NULL, NULL, '{\"dashboard\":\"dsad\",\"staff\":\"adsada\"}', '', 10, 0, 360),
(9, '5', 'telecommunication pvt lmd', NULL, NULL, '0', '0', NULL, NULL, NULL, NULL, NULL, '{\"dashboard\":\"dashboard\",\"staff\":\"employee\",\"ticket\":\"ticket\",\"account\":\"account\",\"customer\":\"customer\"}', '', 10, 0, 360),
(10, '6', 'gate academy', NULL, NULL, '0', '0', NULL, NULL, NULL, NULL, NULL, '{\"dashboard\":\"dashboard\",\"staff\":\"employee\",\"ticket\":\"ticket\",\"account\":\"account\",\"customer\":\"customer\"}', '', 10, 0, 360),
(11, '7', 'info tech', NULL, NULL, '0', '0', NULL, NULL, '[]', NULL, NULL, '{\"dashboard\":\"dashboard\",\"staff\":\"employee\",\"ticket\":\"ticket\",\"account\":\"account\",\"customer\":\"customer\"}', '', 10, 0, 360),
(12, '9', 'itech', NULL, NULL, '0', '0', NULL, NULL, '[]', NULL, NULL, '{\"dashboard\":\"dashboard\",\"staff\":\"employee\",\"ticket\":\"ticket\",\"account\":\"account\",\"customer\":\"customer\"}', '', 10, 0, 360),
(13, '10', 'apache', NULL, NULL, '0', '0', NULL, NULL, '[]', NULL, NULL, '{\"dashboard\":\"dashboard\",\"staff\":\"employee\",\"ticket\":\"ticket\",\"account\":\"account\",\"customer\":\"customer\"}', '', 10, 0, 360),
(14, '11', 'technical suneja', NULL, NULL, '0', '0', NULL, NULL, '[]', NULL, NULL, '{\"dashboard\":\"dashboard\",\"staff\":\"employee\",\"ticket\":\"ticket\",\"account\":\"account\",\"customer\":\"customer\"}', '', 10, 0, 360),
(15, '12', 'birla plus', NULL, NULL, '0', '0', NULL, NULL, '[]', 'pink', NULL, '{\"dashboard\":\"dashboard\",\"staff\":\"employee\",\"ticket\":\"ticket\",\"account\":\"account\",\"customer\":\"customer\"}', '{\"sales_graph\":\"1\",\"purchase_graph\":\"1\",\"ticket_graph\":\"1\"}', 10, NULL, 30),
(16, '13', 'technical guru', NULL, NULL, '0', '0', NULL, NULL, '[]', NULL, NULL, '{\"dashboard\":\"dashboard\",\"staff\":\"employee\",\"ticket\":\"ticket\",\"account\":\"account\",\"customer\":\"customer\"}', '', 10, 0, 360),
(17, '14', '9yug', NULL, NULL, '0', '0', NULL, NULL, '[]', NULL, NULL, '{\"dashboard\":\"dashboard\",\"staff\":\"employee\",\"ticket\":\"ticket\",\"account\":\"account\",\"customer\":\"customer\"}', '{\"sales_graph\":null,\"purchase_graph\":null,\"ticket_graph\":null}', 11, 0, 360),
(18, '15', 'maintech', NULL, NULL, '0', '0', NULL, NULL, '[]', NULL, NULL, '{\"dashboard\":\"dashboard\",\"staff\":\"employee\",\"ticket\":\"ticket\",\"account\":\"account\",\"customer\":\"customer\"}', '', 10, 0, 360),
(19, '16', 'sambhuja', NULL, NULL, '0', '0', NULL, NULL, '[]', NULL, NULL, '{\"dashboard\":\"dashboard\",\"staff\":\"employee\",\"ticket\":\"ticket\",\"account\":\"account\",\"customer\":\"customer\"}', '', 10, 0, 360),
(20, '17', 'navkar pvt lmd', NULL, NULL, '0', '0', NULL, NULL, '[]', NULL, NULL, '{\"dashboard\":\"dashboard\",\"staff\":\"employee\",\"ticket\":\"ticket\",\"account\":\"account\",\"customer\":\"customer\"}', '', 10, 0, 360);

-- --------------------------------------------------------

--
-- Table structure for table `services`
--

CREATE TABLE `services` (
  `id` int(10) NOT NULL,
  `service_name` varchar(40) NOT NULL,
  `description` text NOT NULL,
  `amount` varchar(10) NOT NULL,
  `validity` int(6) NOT NULL,
  `validity_unit` varchar(17) NOT NULL,
  `created_at` datetime NOT NULL,
  `f_id` varchar(10) NOT NULL
) ENGINE=InnoDB DEFAULT CHARSET=latin1;

--
-- Dumping data for table `services`
--

INSERT INTO `services` (`id`, `service_name`, `description`, `amount`, `validity`, `validity_unit`, `created_at`, `f_id`) VALUES
(1, 'recharge', '', '200', 5, 'day', '0000-00-00 00:00:00', '1'),
(2, 'sim ', '', '400', 3, 'month', '0000-00-00 00:00:00', '1'),
(3, 'installment of camera', 'dd asdas da dsa dasdsa', '400', 1, 'once', '0000-00-00 00:00:00', '14'),
(4, 'dfg', 'fgdfg', '34534', 345, 'day', '0000-00-00 00:00:00', '1'),
(5, 'recharge', 'we  fwe f wef we', '500', 3, 'day', '0000-00-00 00:00:00', '1'),
(6, 'recharge', 'dsadsad', '30', 2, 'month', '2019-03-04 17:54:10', '9'),
(7, 'ver', 'werwer', '33', 3, 'month', '2019-03-05 14:48:29', '14'),
(8, 'installment of camera', 'install cctv in your home', '300', 1, 'once', '2019-03-13 13:25:56', '16'),
(9, 'setup of monitor', 'free  setup of moniotor in screen', '50', 1, 'once', '2019-03-14 12:08:45', '14'),
(10, 'camera installment', 'installment of camera in home\r\n', '300', 1, 'once', '2019-03-15 17:20:02', '17');

-- --------------------------------------------------------

--
-- Table structure for table `sms_configuration`
--

CREATE TABLE `sms_configuration` (
  `id` int(10) NOT NULL,
  `auth_key` varchar(60) DEFAULT NULL,
  `url` varchar(200) DEFAULT NULL,
  `f_id` varchar(20) NOT NULL,
  `route` varchar(40) DEFAULT NULL,
  `sender_id` varchar(50) DEFAULT NULL
) ENGINE=InnoDB DEFAULT CHARSET=latin1;

--
-- Dumping data for table `sms_configuration`
--

INSERT INTO `sms_configuration` (`id`, `auth_key`, `url`, `f_id`, `route`, `sender_id`) VALUES
(1, '3832AsCceYITm5346e8ad', 'http://sms.9yug.net/sendhttp.php', '1', 'default', 'navyug'),
(2, '42342', 'erwer', '14', '3', '32'),
(3, NULL, NULL, '2', NULL, NULL),
(4, NULL, NULL, '3', NULL, NULL),
(5, NULL, NULL, '4', NULL, NULL),
(6, NULL, NULL, '5', NULL, NULL),
(7, NULL, NULL, '6', NULL, NULL),
(8, NULL, NULL, '7', NULL, NULL),
(9, NULL, NULL, '9', NULL, NULL),
(10, '3832AsCceYITm5346e8ad', 'http://sms.9yug.net/sendhttp.php', '0', 'default', 'navyug'),
(11, NULL, NULL, '10', NULL, NULL),
(12, NULL, NULL, '11', NULL, NULL),
(13, NULL, NULL, '12', NULL, NULL),
(14, NULL, NULL, '13', NULL, NULL),
(15, NULL, NULL, '14', NULL, NULL),
(16, NULL, NULL, '15', NULL, NULL),
(17, NULL, NULL, '16', NULL, NULL),
(18, NULL, NULL, '17', NULL, NULL),
(19, NULL, NULL, '18', NULL, NULL),
(20, NULL, NULL, '19', NULL, NULL),
(21, NULL, NULL, '20', NULL, NULL),
(22, NULL, NULL, '21', NULL, NULL),
(23, NULL, NULL, '22', NULL, NULL),
(24, NULL, NULL, '23', NULL, NULL),
(25, NULL, NULL, '24', NULL, NULL);

-- --------------------------------------------------------

--
-- Table structure for table `staff`
--

CREATE TABLE `staff` (
  `id` int(8) NOT NULL,
  `name` varchar(100) NOT NULL,
  `mobile` varchar(20) NOT NULL,
  `email` varchar(50) NOT NULL,
  `profile_image` varchar(255) DEFAULT NULL,
  `gender` varchar(10) NOT NULL,
  `f_id` int(10) DEFAULT NULL,
  `created_at` datetime NOT NULL
) ENGINE=InnoDB DEFAULT CHARSET=latin1;

--
-- Dumping data for table `staff`
--

INSERT INTO `staff` (`id`, `name`, `mobile`, `email`, `profile_image`, `gender`, `f_id`, `created_at`) VALUES
(1, 'admin', '7828161458', 'vivek.et1993@gmail.com', NULL, 'male', NULL, '2019-01-25 03:15:12'),
(11, 'rohit sharama', '7828161459', 'vivek.et1993@gmail.com', NULL, '', 1, '2019-02-02 12:41:53'),
(20, 'vivek', '7828161459', 'vivek.et1993@gmail.com', NULL, 'male', 1, '2019-02-08 14:28:12'),
(21, 'naman', '782816149', 'vivek.et1993@gmail.com', NULL, 'male', 1, '2019-02-08 14:31:45'),
(22, 'aarti', '1237120371', 'vi@gmail.com', NULL, 'female', 1, '2019-02-08 14:36:20'),
(32, 'rakesh', '7828161415', 'vivek@gmail.com', NULL, 'male', 1, '2019-02-22 18:38:34'),
(33, 'umesh dhande', '2984292342', 'gate@gnaiil.com', NULL, '', 6, '2019-03-01 17:52:47'),
(37, 'aman gupta', '7828161459', 'vivek.et1993@gmail.com', NULL, '', 10, '2019-03-05 11:17:53'),
(38, 'rohit verma', '7828161459', 'vivek.et1993@gmail.com', NULL, 'male', 11, '2019-03-05 11:52:49'),
(39, 'bisnu rajak', '7828161459', 'vivek.et1993@gmail.com', 'TAC5.jpg', 'male', 12, '2019-03-05 17:44:35'),
(40, 'rakesh kumar', '9148725074', 'rakesh@gmail.com', NULL, 'male', 12, '2019-03-07 11:30:40'),
(41, 'guru', '7828161459', 'tech@gmail.com', 'Penguins.jpg', 'male', 13, '2019-03-07 12:55:32'),
(42, 'vivek', '7828161459', 'vivek.et1993@gmail.com', 'Koala.jpg', 'male', 14, '2019-03-07 15:16:36'),
(43, 'manish', '2378463236', 'vivek@gmail.com', NULL, 'male', 15, '2019-03-13 12:47:40'),
(44, 'sambhu', '32683768', 'vivek.et1993@gmail.com', NULL, 'male', 16, '2019-03-13 12:48:45'),
(48, 'vikrant', '3213122312', 'rahul@gmail.com', NULL, 'female', 14, '2019-03-14 11:23:14'),
(49, 'navkar', '9432942394', 'navkar@gmail.com', NULL, 'male', 17, '2019-03-15 15:23:36'),
(50, 'sachine', '8213621932', 'sachine@gmail.com', NULL, 'male', 18, '2019-03-15 15:42:10'),
(51, 'sachine', '8213621932', 'sachine@gmail.com', NULL, 'male', 19, '2019-03-15 15:42:11'),
(52, '32423', '4343223423', 'rahul@gmail.com', NULL, 'male', 20, '2019-03-15 15:47:10'),
(53, 'dfsdfsd', '45', 'vw@gmail.com', NULL, 'male', 21, '2019-03-15 15:50:00'),
(54, 'dfsdfsd', '45', 'vw@gmail.com', NULL, 'male', 22, '2019-03-15 15:51:06'),
(55, 'd33423', '3423324234', 'rahul@gmail.com', NULL, 'male', 23, '2019-03-15 16:03:42'),
(56, 'd33423', '3423324234', 'rahul@gmail.com', NULL, 'male', 24, '2019-03-15 16:04:40');

-- --------------------------------------------------------

--
-- Table structure for table `target_sales`
--

CREATE TABLE `target_sales` (
  `id` int(10) NOT NULL,
  `f_id` varchar(9) NOT NULL,
  `target` varchar(20) NOT NULL,
  `start_date` datetime NOT NULL,
  `end_date` datetime NOT NULL
) ENGINE=InnoDB DEFAULT CHARSET=latin1;

--
-- Dumping data for table `target_sales`
--

INSERT INTO `target_sales` (`id`, `f_id`, `target`, `start_date`, `end_date`) VALUES
(1, '1', '50000', '2018-04-01 00:00:00', '2019-03-31 00:00:00'),
(2, '2', '5000', '2019-02-06 00:00:00', '2019-02-21 00:00:00'),
(3, '1', '33', '2019-04-01 00:00:00', '2019-01-03 01:00:00'),
(4, '1', '12', '2019-04-01 00:00:00', '2020-03-31 00:00:00'),
(5, '1', '44', '2019-04-01 00:00:00', '2020-03-31 23:59:59'),
(6, '1', '312', '2019-02-01 00:00:00', '2019-02-28 00:00:00'),
(7, '1', '8', '2019-04-01 00:00:00', '2020-03-31 23:59:59');

-- --------------------------------------------------------

--
-- Table structure for table `task`
--

CREATE TABLE `task` (
  `id` int(100) NOT NULL,
  `ticket_id` varchar(50) NOT NULL,
  `task` varchar(250) NOT NULL,
  `created_by` varchar(100) NOT NULL,
  `assign` varchar(100) NOT NULL,
  `f_id` varchar(100) NOT NULL
) ENGINE=InnoDB DEFAULT CHARSET=latin1;

-- --------------------------------------------------------

--
-- Table structure for table `team_group`
--

CREATE TABLE `team_group` (
  `id` int(20) NOT NULL,
  `group_id` varchar(100) NOT NULL,
  `name` varchar(100) NOT NULL,
  `frenchizy_detail` varchar(100) DEFAULT NULL,
  `head_name` varchar(100) NOT NULL,
  `description` text,
  `belong_business` varchar(100) NOT NULL,
  `f_id` varchar(100) NOT NULL,
  `created_at` datetime NOT NULL DEFAULT CURRENT_TIMESTAMP ON UPDATE CURRENT_TIMESTAMP
) ENGINE=InnoDB DEFAULT CHARSET=latin1;

-- --------------------------------------------------------

--
-- Table structure for table `template_email`
--

CREATE TABLE `template_email` (
  `id` int(10) NOT NULL,
  `f_id` varchar(40) NOT NULL,
  `module` varchar(50) NOT NULL,
  `context` text NOT NULL,
  `subject` varchar(40) NOT NULL,
  `date` timestamp NOT NULL DEFAULT CURRENT_TIMESTAMP
) ENGINE=InnoDB DEFAULT CHARSET=latin1;

--
-- Dumping data for table `template_email`
--

INSERT INTO `template_email` (`id`, `f_id`, `module`, `context`, `subject`, `date`) VALUES
(1, '1', 'recharge', '<p>dear {user},</p>\r\n\r\n<p>&nbsp;</p>\r\n\r\n<p>&nbsp;</p>\r\n\r\n<p>your ticket is created with ticket id {ticket_id}.</p>\r\n\r\n<p>thanks</p>\r\n', 'ticket', '2018-12-03 09:29:28'),
(2, '1', 'user credential', '<p>Your Username is {username} and Password is {password} to login the panel click in this url {url}.</p>\r\n', 'user credential', '2018-12-03 09:30:13'),
(3, '4', 'ticket', 'dear {name} your ticket id {ticket_id} is generated.', 'ticket', '2019-02-13 10:02:27'),
(4, '4', 'user credential', 'Your Username is    {username} and Password is   {password} to login the panel click in this url {url}.', 'user credential', '2019-02-13 10:02:27'),
(5, '5', 'ticket', 'dear {name} your ticket id {ticket_id} is generated.', 'ticket', '2019-02-16 09:55:18'),
(6, '5', 'user credential', 'Your Username is    {username} and Password is   {password} to login the panel click in this url {url}.', 'user credential', '2019-02-16 09:55:18'),
(7, '6', 'ticket', 'dear {name} your ticket id {ticket_id} is generated.', 'ticket', '2019-03-01 12:22:47'),
(8, '6', 'user credential', 'Your Username is    {username} and Password is   {password} to login the panel click in this url {url}.', 'user credential', '2019-03-01 12:22:47'),
(9, '7', 'ticket', 'dear {name} your ticket id {ticket_id} is generated.', 'ticket', '2019-03-04 06:26:27'),
(10, '7', 'user credential', 'Your Username is    {username} and Password is   {password} to login the panel click in this url {url}.', 'user credential', '2019-03-04 06:26:27'),
(11, '9', 'ticket', 'dear {name} your ticket id {ticket_id} is generated.', 'ticket', '2019-03-04 12:21:26'),
(12, '9', 'user credential', 'Your Username is    {username} and Password is   {password} to login the panel click in this url {url}.', 'user credential', '2019-03-04 12:21:27'),
(13, '10', 'ticket', 'dear {name} your ticket id {ticket_id} is generated.', 'ticket', '2019-03-05 05:47:53'),
(14, '10', 'user credential', 'Your Username is    {username} and Password is   {password} to login the panel click in this url {url}.', 'user credential', '2019-03-05 05:47:53'),
(15, '11', 'ticket', 'dear {name} your ticket id {ticket_id} is generated.', 'ticket', '2019-03-05 06:22:49'),
(16, '11', 'user credential', 'Your Username is    {username} and Password is   {password} to login the panel click in this url {url}.', 'user credential', '2019-03-05 06:22:49'),
(17, '12', 'ticket', 'dear {name} your ticket id {ticket_id} is generated.', 'ticket', '2019-03-05 12:14:35'),
(18, '12', 'user credential', 'Your Username is    {username} and Password is   {password} to login the panel click in this url {url}.', 'user credential', '2019-03-05 12:14:35'),
(19, '13', 'ticket', 'dear {name} your ticket id {ticket_id} is generated.', 'ticket', '2019-03-07 07:25:33'),
(20, '13', 'user credential', 'Your Username is    {username} and Password is   {password} to login the panel click in this url {url}.', 'user credential', '2019-03-07 07:25:33'),
(21, '14', 'ticket', 'dear {name} your ticket id {ticket_id} is generated.', 'ticket', '2019-03-07 09:46:37'),
(22, '14', 'user credential', 'Your Username is    {username} and Password is   {password} to login the panel click in this url {url}.', 'user credential', '2019-03-07 09:46:37'),
(23, '15', 'ticket', 'dear {name} your ticket id {ticket_id} is generated.', 'ticket', '2019-03-13 07:17:40'),
(24, '15', 'user credential', 'Your Username is    {username} and Password is   {password} to login the panel click in this url {url}.', 'user credential', '2019-03-13 07:17:40'),
(25, '16', 'ticket', 'dear {name} your ticket id {ticket_id} is generated.', 'ticket', '2019-03-13 07:18:45'),
(26, '16', 'user credential', 'Your Username is    {username} and Password is   {password} to login the panel click in this url {url}.', 'user credential', '2019-03-13 07:18:45'),
(27, '17', 'ticket', 'dear {name} your ticket id {ticket_id} is generated.', 'ticket', '2019-03-15 09:53:37'),
(28, '17', 'user credential', 'Your Username is    {username} and Password is   {password} to login the panel click in this url {url}.', 'user credential', '2019-03-15 09:53:37'),
(29, '18', 'ticket', 'dear {name} your ticket id {ticket_id} is generated.', 'ticket', '2019-03-15 10:12:10'),
(30, '18', 'user credential', 'Your Username is    {username} and Password is   {password} to login the panel click in this url {url}.', 'user credential', '2019-03-15 10:12:10'),
(31, '19', 'ticket', 'dear {name} your ticket id {ticket_id} is generated.', 'ticket', '2019-03-15 10:12:11'),
(32, '19', 'user credential', 'Your Username is    {username} and Password is   {password} to login the panel click in this url {url}.', 'user credential', '2019-03-15 10:12:11'),
(33, '20', 'ticket', 'dear {name} your ticket id {ticket_id} is generated.', 'ticket', '2019-03-15 10:17:10'),
(34, '20', 'user credential', 'Your Username is    {username} and Password is   {password} to login the panel click in this url {url}.', 'user credential', '2019-03-15 10:17:10'),
(35, '21', 'ticket', 'dear {name} your ticket id {ticket_id} is generated.', 'ticket', '2019-03-15 10:20:01'),
(36, '21', 'user credential', 'Your Username is    {username} and Password is   {password} to login the panel click in this url {url}.', 'user credential', '2019-03-15 10:20:01'),
(37, '22', 'ticket', 'dear {name} your ticket id {ticket_id} is generated.', 'ticket', '2019-03-15 10:21:06'),
(38, '22', 'user credential', 'Your Username is    {username} and Password is   {password} to login the panel click in this url {url}.', 'user credential', '2019-03-15 10:21:06'),
(39, '23', 'ticket', 'dear {name} your ticket id {ticket_id} is generated.', 'ticket', '2019-03-15 10:33:42'),
(40, '23', 'user credential', 'Your Username is    {username} and Password is   {password} to login the panel click in this url {url}.', 'user credential', '2019-03-15 10:33:42'),
(41, '24', 'ticket', 'dear {name} your ticket id {ticket_id} is generated.', 'ticket', '2019-03-15 10:34:40'),
(42, '24', 'user credential', 'Your Username is    {username} and Password is   {password} to login the panel click in this url {url}.', 'user credential', '2019-03-15 10:34:40');

-- --------------------------------------------------------

--
-- Table structure for table `template_sms`
--

CREATE TABLE `template_sms` (
  `id` int(10) NOT NULL,
  `f_id` varchar(30) NOT NULL,
  `context` text NOT NULL,
  `module` varchar(200) NOT NULL
) ENGINE=InnoDB DEFAULT CHARSET=latin1;

--
-- Dumping data for table `template_sms`
--

INSERT INTO `template_sms` (`id`, `f_id`, `context`, `module`) VALUES
(1, '1', 'dear {name} your ticket id {ticket_id} is generated.', 'ticket'),
(2, '1', 'Your Username is    {username} and Password is   {password} to login the panel click in this url {url}.', 'user credential'),
(4, '14', 'dear {name} your ticket id {ticket_id} is generated.', 'ticket'),
(5, '14', 'Your Username is    {username} and Password is   {password} to login the panel click in this url {url}.', 'user credential'),
(6, '2', 'dear {name} your ticket id {ticket_id} is generated.', 'ticket'),
(7, '2', 'Your Username is    {username} and Password is   {password} to login the panel click in this url {url}.', 'user credential'),
(8, '3', 'dear {name} your ticket id {ticket_id} is generated.', 'ticket'),
(9, '3', 'Your Username is    {username} and Password is   {password} to login the panel click in this url {url}.', 'user credential'),
(10, '4', 'dear {name} your ticket id {ticket_id} is generated.', 'ticket'),
(11, '4', 'Your Username is    {username} and Password is   {password} to login the panel click in this url {url}.', 'user credential'),
(12, '5', 'dear {name} your ticket id {ticket_id} is generated.', 'ticket'),
(13, '5', 'Your Username is    {username} and Password is   {password} to login the panel click in this url {url}.', 'user credential'),
(14, '6', 'dear {name} your ticket id {ticket_id} is generated.', 'ticket'),
(15, '6', 'Your Username is    {username} and Password is   {password} to login the panel click in this url {url}.', 'user credential'),
(16, '7', 'dear {name} your ticket id {ticket_id} is generated.', 'ticket'),
(17, '7', 'Your Username is    {username} and Password is   {password} to login the panel click in this url {url}.', 'user credential'),
(18, '9', 'dear {name} your ticket id {ticket_id} is generated.', 'ticket'),
(19, '9', 'Your Username is    {username} and Password is   {password} to login the panel click in this url {url}.', 'user credential'),
(20, '0', 'Your Username is    {username} and Password is   {password} to login the panel click in this url {url}.', 'user credential'),
(21, '10', 'Dear {name} your ticket id {ticket_id} is generated.', 'ticket'),
(22, '10', 'Your Username is    {username} and Password is   {password} to login the panel click in this url {url}.', 'user credential'),
(23, '11', 'Dear {name} your ticket id {ticket_id} is generated.', 'ticket'),
(24, '11', 'Your Username is    {username} and Password is   {password} to login the panel click in this url {url}.', 'user credential'),
(25, '12', 'Dear {name} your ticket id {ticket_id} is generated.', 'ticket'),
(26, '12', 'Your Username is    {username} and Password is   {password} to login the panel click in this url {url}.', 'user credential'),
(27, '13', 'Dear {name} your ticket id {ticket_id} is generated.', 'ticket'),
(28, '13', 'Your Username is    {username} and Password is   {password} to login the panel click in this url {url}.', 'user credential'),
(29, '14', 'Dear {name} your ticket id {ticket_id} is generated.', 'ticket'),
(30, '14', 'Your Username is    {username} and Password is   {password} to login the panel click in this url {url}.', 'user credential'),
(31, '15', 'Dear {name} your ticket id {ticket_id} is generated.', 'ticket'),
(32, '15', 'Your Username is    {username} and Password is   {password} to login the panel click in this url {url}.', 'user credential'),
(33, '16', 'Dear {name} your ticket id {ticket_id} is generated.', 'ticket'),
(34, '16', 'Your Username is    {username} and Password is   {password} to login the panel click in this url {url}.', 'user credential'),
(35, '17', 'Dear {name} your ticket id {ticket_id} is generated.', 'ticket'),
(36, '17', 'Your Username is    {username} and Password is   {password} to login the panel click in this url {url}.', 'user credential'),
(37, '18', 'Dear {name} your ticket id {ticket_id} is generated.', 'ticket'),
(38, '18', 'Your Username is    {username} and Password is   {password} to login the panel click in this url {url}.', 'user credential'),
(39, '19', 'Dear {name} your ticket id {ticket_id} is generated.', 'ticket'),
(40, '19', 'Your Username is    {username} and Password is   {password} to login the panel click in this url {url}.', 'user credential'),
(41, '20', 'Dear {name} your ticket id {ticket_id} is generated.', 'ticket'),
(42, '20', 'Your Username is    {username} and Password is   {password} to login the panel click in this url {url}.', 'user credential'),
(43, '21', 'Dear {name} your ticket id {ticket_id} is generated.', 'ticket'),
(44, '21', 'Your Username is    {username} and Password is   {password} to login the panel click in this url {url}.', 'user credential'),
(45, '22', 'Dear {name} your ticket id {ticket_id} is generated.', 'ticket'),
(46, '22', 'Your Username is    {username} and Password is   {password} to login the panel click in this url {url}.', 'user credential'),
(47, '23', 'Dear {name} your ticket id {ticket_id} is generated.', 'ticket'),
(48, '23', 'Your Username is    {username} and Password is   {password} to login the panel click in this url {url}.', 'user credential'),
(49, '24', 'Dear {name} your ticket id {ticket_id} is generated.', 'ticket'),
(50, '24', 'Your Username is    {username} and Password is   {password} to login the panel click in this url {url}.', 'user credential');

-- --------------------------------------------------------

--
-- Table structure for table `ticket`
--

CREATE TABLE `ticket` (
  `id` int(11) NOT NULL,
  `name` varchar(50) NOT NULL,
  `ticket_id` varchar(100) NOT NULL,
  `crn_number` varchar(100) NOT NULL,
  `mobile` varchar(20) NOT NULL,
  `email` varchar(50) NOT NULL,
  `location` text NOT NULL,
  `comment` varchar(200) NOT NULL,
  `description` text NOT NULL,
  `type` varchar(10) NOT NULL,
  `lead` varchar(100) NOT NULL,
  `assign` varchar(50) DEFAULT NULL,
  `f_id` varchar(40) NOT NULL,
  `status` enum('open','close','request to close') NOT NULL,
  `priority` varchar(10) NOT NULL,
  `attend_type` varchar(70) DEFAULT NULL,
  `created_by` varchar(100) NOT NULL,
  `created_at` datetime NOT NULL
) ENGINE=InnoDB DEFAULT CHARSET=latin1;

--
-- Dumping data for table `ticket`
--

INSERT INTO `ticket` (`id`, `name`, `ticket_id`, `crn_number`, `mobile`, `email`, `location`, `comment`, `description`, `type`, `lead`, `assign`, `f_id`, `status`, `priority`, `attend_type`, `created_by`, `created_at`) VALUES
(23, 'rahul', '1', '40', '9907429988', 'rahul@gmail.com', 'supela ghadi chowk', '', '3sdfsdfsd', '', 'camera', '', '13', 'open', '2', 'sms', '41', '2019-03-07 14:11:31'),
(24, 'vikas', '1', '43', '3424234234', 'vikas@gmail.com', 'power house ,durg', '', 'request for quotation of camera installment ', '', 'camera', '1', '14', 'open', '3', 'call', '42', '2019-03-13 11:07:51');

-- --------------------------------------------------------

--
-- Table structure for table `ticket_assign_map`
--

CREATE TABLE `ticket_assign_map` (
  `ticket_id` varchar(50) DEFAULT NULL,
  `assign_id` varchar(50) DEFAULT NULL,
  `f_id` varchar(10) DEFAULT NULL
) ENGINE=InnoDB DEFAULT CHARSET=latin1;

--
-- Dumping data for table `ticket_assign_map`
--

INSERT INTO `ticket_assign_map` (`ticket_id`, `assign_id`, `f_id`) VALUES
('1', '3', NULL),
('4', '2', NULL),
('4', '3', NULL),
('5', '3', NULL),
('6', '4', NULL),
('9', '1', NULL),
('1', '21', '1'),
('10', '20', '1'),
('11', '20', '1'),
('1', '34', '7'),
('2', '40', '12'),
('3', '40', '12'),
('4', '40', '12'),
('5', '40', '12'),
('1', '39', '12'),
('1', '40', '12'),
('7', '40', '12'),
('8', '40', '12'),
('9', '40', '12'),
('1', '42', '14');

-- --------------------------------------------------------

--
-- Table structure for table `user_authentication`
--

CREATE TABLE `user_authentication` (
  `id` int(5) NOT NULL,
  `username` varchar(20) NOT NULL,
  `password` varchar(40) NOT NULL,
  `authorization_id` int(2) NOT NULL,
  `staff_id` int(5) DEFAULT NULL,
  `crn_number` int(10) DEFAULT NULL,
  `type` int(3) DEFAULT NULL,
  `f_id` varchar(8) NOT NULL,
  `clear_text` varchar(20) NOT NULL
) ENGINE=InnoDB DEFAULT CHARSET=latin1;

--
-- Dumping data for table `user_authentication`
--

INSERT INTO `user_authentication` (`id`, `username`, `password`, `authorization_id`, `staff_id`, `crn_number`, `type`, `f_id`, `clear_text`) VALUES
(1, 'super', '827ccb0eea8a706c4c34a16891f84e7b', 1, NULL, NULL, NULL, '0', '12345'),
(2, '12345', '81dc9bdb52d04dc20036dbd8313ed055', 2, 1, NULL, 3, '1', '1234'),
(15, '11_1549540767', '6e64fdf8b683823d427aff2718463fae', 2, 19, NULL, 3, '11', '11795532'),
(16, 'enext_3647', '1cca4cb394917cb276e164a59536f6ea', 3, 20, NULL, NULL, '1', '7193005'),
(17, 'enext_8677', '6de324ddd4b87ebb215b7a5aa9f40a65', 3, 21, NULL, NULL, '1', '453705'),
(18, 'enext_9976', 'c5882a577fe0ddba4655c5eea9f4d53e', 3, 22, NULL, NULL, '1', '93628100'),
(19, '12_1549621498', '36296b1b1e6f0777030a7829340a3367', 2, 23, NULL, 2, '12', '12524603'),
(20, '13_1549622164', 'b0f7b0c3561256df58415fa38ad2b847', 2, 24, NULL, 2, '13', '13978027'),
(21, '14_1549700294', '972e6d8a3f1545c2f79dc6065f3d72fa', 2, 25, NULL, 1, '14', '14768935'),
(22, '2_1550049107', '35c370fb8ea579a69f9ecedbda153ad1', 2, 26, NULL, 2, '2', '2954969'),
(23, 'enext_9170', '72e60a478d92691fd5ef4c5bae150938', 3, 27, NULL, NULL, '2', '81918688'),
(24, '3_1550051906', '763fe537d078e1ef0b4220ce48cc6ccf', 2, 28, NULL, 2, '3', '3782151'),
(25, '4_1550052147', 'c7609af14b4f3c6f866961a15969633f', 2, 29, NULL, 2, '4', '4446508'),
(26, '5_1550310918', '79a1741cac8133d7d313cb69b536f559', 2, 30, NULL, 2, '5', '5171519'),
(27, 'enext_1247', 'af1e4b9807858fae25683e1c46f430eb', 3, 31, NULL, NULL, '5', '25144560'),
(28, 'enext_7285', 'd04c40d3d9610551f3323fd1de5e8ba4', 3, 32, NULL, NULL, '1', '7642849'),
(29, '6_1551442967', 'e936b6e3215476fad3b0b0ab79f058d6', 2, 33, NULL, 3, '6', '6132260'),
(30, 'info', '827ccb0eea8a706c4c34a16891f84e7b', 2, 34, NULL, 2, '7', '12345'),
(31, '9_1551702086', 'aea3877e319d6275e2966703a2372a9c', 2, 36, NULL, 1, '9', '9347540'),
(32, '10_1551764873', '30856d4507c1b7b28f30ed4c24672208', 2, 37, NULL, 3, '10', '10541227'),
(33, '11_1551766969', '199949cc2d164ce5c7f38f1b4aad9ca0', 2, 38, NULL, 3, '11', '11961058'),
(34, 'bisnu', '827ccb0eea8a706c4c34a16891f84e7b', 2, 39, NULL, 3, '12', '12345'),
(35, 'enext_3799', 'f66df83fafa5640748dfdde6bc0ca32b', 3, 40, NULL, NULL, '12', '3915728'),
(36, 'guru', 'f3c1b849e624186959fd58bad5492ba4', 2, 41, NULL, 3, '13', '13858059'),
(37, 'vicky', '827ccb0eea8a706c4c34a16891f84e7b', 2, 42, NULL, 3, '14', '12345'),
(38, '15_1552461460', '5e90b8666bac8e63387df247c258e884', 2, 43, NULL, 2, '15', '15636660'),
(39, '16_1552461525', '54144ada03d4c1316ee9138ba10f678c', 2, 44, NULL, 1, '16', '1632696'),
(40, '17_1552643617', '2d0d9353382a0edcbf71000b2aee9be6', 2, 49, NULL, 3, '17', '17802418');

-- --------------------------------------------------------

--
-- Table structure for table `vendor`
--

CREATE TABLE `vendor` (
  `id` int(10) NOT NULL,
  `name` varchar(50) NOT NULL,
  `company_name` varchar(50) DEFAULT NULL,
  `email` varchar(40) NOT NULL,
  `mobile` varchar(13) NOT NULL,
  `gender` varchar(15) DEFAULT NULL,
  `address` text NOT NULL,
  `city` varchar(30) DEFAULT NULL,
  `pincode` int(7) DEFAULT NULL,
  `f_id` int(13) NOT NULL,
  `created_at` datetime NOT NULL,
  `staff_id` int(11) DEFAULT NULL
) ENGINE=InnoDB DEFAULT CHARSET=latin1;

--
-- Dumping data for table `vendor`
--

INSERT INTO `vendor` (`id`, `name`, `company_name`, `email`, `mobile`, `gender`, `address`, `city`, `pincode`, `f_id`, `created_at`, `staff_id`) VALUES
(1, 'dasd', 'r', 'vivek.et1993@gmail.c', '587587587', NULL, 'fsdfsdf', 'durg', 32, 14, '2019-03-08 12:36:18', NULL),
(2, 'anil', 'anil corp.', 'anil@gmail.com', '4239482742', 'male', 'power house', 'durg  ', 541824, 14, '0000-00-00 00:00:00', 42),
(3, 'ajay', 'none', 'rahul@gmail.com', '4124213213', 'male', 'supela ghadi chowk', 'durg', 491001, 15, '2019-03-13 12:56:20', 43),
(4, 'surya', '9world', 's@gmail.com', '7346238472', 'male', 'malviya chowk ', 'durg', 491001, 17, '2019-03-15 16:59:40', 49);

--
-- Indexes for dumped tables
--

--
-- Indexes for table `account_transaction`
--
ALTER TABLE `account_transaction`
  ADD PRIMARY KEY (`id`);

--
-- Indexes for table `category`
--
ALTER TABLE `category`
  ADD PRIMARY KEY (`id`);

--
-- Indexes for table `crn`
--
ALTER TABLE `crn`
  ADD PRIMARY KEY (`id`);

--
-- Indexes for table `email_configuration`
--
ALTER TABLE `email_configuration`
  ADD PRIMARY KEY (`id`);

--
-- Indexes for table `invoices`
--
ALTER TABLE `invoices`
  ADD PRIMARY KEY (`id`);

--
-- Indexes for table `item_details`
--
ALTER TABLE `item_details`
  ADD PRIMARY KEY (`id`);

--
-- Indexes for table `item_list`
--
ALTER TABLE `item_list`
  ADD PRIMARY KEY (`id`);

--
-- Indexes for table `item_report`
--
ALTER TABLE `item_report`
  ADD PRIMARY KEY (`id`);

--
-- Indexes for table `log_login`
--
ALTER TABLE `log_login`
  ADD PRIMARY KEY (`id`);

--
-- Indexes for table `log_outgoing_sms`
--
ALTER TABLE `log_outgoing_sms`
  ADD PRIMARY KEY (`id`);

--
-- Indexes for table `log_ticket`
--
ALTER TABLE `log_ticket`
  ADD PRIMARY KEY (`id`);

--
-- Indexes for table `master_invoice`
--
ALTER TABLE `master_invoice`
  ADD PRIMARY KEY (`id`);

--
-- Indexes for table `master_payment_type`
--
ALTER TABLE `master_payment_type`
  ADD PRIMARY KEY (`id`);

--
-- Indexes for table `payment_details`
--
ALTER TABLE `payment_details`
  ADD PRIMARY KEY (`id`);

--
-- Indexes for table `purchase_item`
--
ALTER TABLE `purchase_item`
  ADD PRIMARY KEY (`id`);

--
-- Indexes for table `quotation`
--
ALTER TABLE `quotation`
  ADD PRIMARY KEY (`id`);

--
-- Indexes for table `quotation_details`
--
ALTER TABLE `quotation_details`
  ADD PRIMARY KEY (`id`);

--
-- Indexes for table `sales`
--
ALTER TABLE `sales`
  ADD PRIMARY KEY (`id`);

--
-- Indexes for table `sales_details`
--
ALTER TABLE `sales_details`
  ADD PRIMARY KEY (`id`);

--
-- Indexes for table `seller`
--
ALTER TABLE `seller`
  ADD PRIMARY KEY (`id`);

--
-- Indexes for table `seller_setting`
--
ALTER TABLE `seller_setting`
  ADD PRIMARY KEY (`id`);

--
-- Indexes for table `services`
--
ALTER TABLE `services`
  ADD PRIMARY KEY (`id`);

--
-- Indexes for table `sms_configuration`
--
ALTER TABLE `sms_configuration`
  ADD PRIMARY KEY (`id`);

--
-- Indexes for table `staff`
--
ALTER TABLE `staff`
  ADD PRIMARY KEY (`id`);

--
-- Indexes for table `target_sales`
--
ALTER TABLE `target_sales`
  ADD PRIMARY KEY (`id`);

--
-- Indexes for table `template_email`
--
ALTER TABLE `template_email`
  ADD PRIMARY KEY (`id`);

--
-- Indexes for table `template_sms`
--
ALTER TABLE `template_sms`
  ADD PRIMARY KEY (`id`);

--
-- Indexes for table `ticket`
--
ALTER TABLE `ticket`
  ADD PRIMARY KEY (`id`);

--
-- Indexes for table `user_authentication`
--
ALTER TABLE `user_authentication`
  ADD PRIMARY KEY (`id`);

--
-- Indexes for table `vendor`
--
ALTER TABLE `vendor`
  ADD PRIMARY KEY (`id`);

--
-- AUTO_INCREMENT for dumped tables
--

--
-- AUTO_INCREMENT for table `account_transaction`
--
ALTER TABLE `account_transaction`
  MODIFY `id` int(11) NOT NULL AUTO_INCREMENT, AUTO_INCREMENT=153;

--
-- AUTO_INCREMENT for table `category`
--
ALTER TABLE `category`
  MODIFY `id` int(10) NOT NULL AUTO_INCREMENT, AUTO_INCREMENT=33;

--
-- AUTO_INCREMENT for table `crn`
--
ALTER TABLE `crn`
  MODIFY `id` int(10) NOT NULL AUTO_INCREMENT, AUTO_INCREMENT=48;

--
-- AUTO_INCREMENT for table `email_configuration`
--
ALTER TABLE `email_configuration`
  MODIFY `id` int(11) NOT NULL AUTO_INCREMENT, AUTO_INCREMENT=23;

--
-- AUTO_INCREMENT for table `invoices`
--
ALTER TABLE `invoices`
  MODIFY `id` int(10) NOT NULL AUTO_INCREMENT, AUTO_INCREMENT=55;

--
-- AUTO_INCREMENT for table `item_details`
--
ALTER TABLE `item_details`
  MODIFY `id` int(10) NOT NULL AUTO_INCREMENT, AUTO_INCREMENT=245;

--
-- AUTO_INCREMENT for table `item_list`
--
ALTER TABLE `item_list`
  MODIFY `id` int(10) NOT NULL AUTO_INCREMENT, AUTO_INCREMENT=8;

--
-- AUTO_INCREMENT for table `item_report`
--
ALTER TABLE `item_report`
  MODIFY `id` int(10) NOT NULL AUTO_INCREMENT, AUTO_INCREMENT=9;

--
-- AUTO_INCREMENT for table `log_login`
--
ALTER TABLE `log_login`
  MODIFY `id` int(10) NOT NULL AUTO_INCREMENT, AUTO_INCREMENT=271;

--
-- AUTO_INCREMENT for table `log_outgoing_sms`
--
ALTER TABLE `log_outgoing_sms`
  MODIFY `id` int(10) NOT NULL AUTO_INCREMENT, AUTO_INCREMENT=42;

--
-- AUTO_INCREMENT for table `log_ticket`
--
ALTER TABLE `log_ticket`
  MODIFY `id` int(8) NOT NULL AUTO_INCREMENT, AUTO_INCREMENT=43;

--
-- AUTO_INCREMENT for table `master_invoice`
--
ALTER TABLE `master_invoice`
  MODIFY `id` int(8) NOT NULL AUTO_INCREMENT, AUTO_INCREMENT=63;

--
-- AUTO_INCREMENT for table `master_payment_type`
--
ALTER TABLE `master_payment_type`
  MODIFY `id` int(10) NOT NULL AUTO_INCREMENT, AUTO_INCREMENT=5;

--
-- AUTO_INCREMENT for table `payment_details`
--
ALTER TABLE `payment_details`
  MODIFY `id` int(10) NOT NULL AUTO_INCREMENT, AUTO_INCREMENT=41;

--
-- AUTO_INCREMENT for table `purchase_item`
--
ALTER TABLE `purchase_item`
  MODIFY `id` int(10) NOT NULL AUTO_INCREMENT, AUTO_INCREMENT=19;

--
-- AUTO_INCREMENT for table `quotation`
--
ALTER TABLE `quotation`
  MODIFY `id` int(10) NOT NULL AUTO_INCREMENT, AUTO_INCREMENT=5;

--
-- AUTO_INCREMENT for table `quotation_details`
--
ALTER TABLE `quotation_details`
  MODIFY `id` int(10) NOT NULL AUTO_INCREMENT, AUTO_INCREMENT=6;

--
-- AUTO_INCREMENT for table `sales`
--
ALTER TABLE `sales`
  MODIFY `id` int(10) NOT NULL AUTO_INCREMENT, AUTO_INCREMENT=56;

--
-- AUTO_INCREMENT for table `sales_details`
--
ALTER TABLE `sales_details`
  MODIFY `id` int(10) NOT NULL AUTO_INCREMENT, AUTO_INCREMENT=57;

--
-- AUTO_INCREMENT for table `seller`
--
ALTER TABLE `seller`
  MODIFY `id` int(10) NOT NULL AUTO_INCREMENT, AUTO_INCREMENT=25;

--
-- AUTO_INCREMENT for table `seller_setting`
--
ALTER TABLE `seller_setting`
  MODIFY `id` int(20) NOT NULL AUTO_INCREMENT, AUTO_INCREMENT=28;

--
-- AUTO_INCREMENT for table `services`
--
ALTER TABLE `services`
  MODIFY `id` int(10) NOT NULL AUTO_INCREMENT, AUTO_INCREMENT=11;

--
-- AUTO_INCREMENT for table `sms_configuration`
--
ALTER TABLE `sms_configuration`
  MODIFY `id` int(10) NOT NULL AUTO_INCREMENT, AUTO_INCREMENT=26;

--
-- AUTO_INCREMENT for table `staff`
--
ALTER TABLE `staff`
  MODIFY `id` int(8) NOT NULL AUTO_INCREMENT, AUTO_INCREMENT=57;

--
-- AUTO_INCREMENT for table `target_sales`
--
ALTER TABLE `target_sales`
  MODIFY `id` int(10) NOT NULL AUTO_INCREMENT, AUTO_INCREMENT=8;

--
-- AUTO_INCREMENT for table `template_email`
--
ALTER TABLE `template_email`
  MODIFY `id` int(10) NOT NULL AUTO_INCREMENT, AUTO_INCREMENT=43;

--
-- AUTO_INCREMENT for table `template_sms`
--
ALTER TABLE `template_sms`
  MODIFY `id` int(10) NOT NULL AUTO_INCREMENT, AUTO_INCREMENT=51;

--
-- AUTO_INCREMENT for table `ticket`
--
ALTER TABLE `ticket`
  MODIFY `id` int(11) NOT NULL AUTO_INCREMENT, AUTO_INCREMENT=25;

--
-- AUTO_INCREMENT for table `user_authentication`
--
ALTER TABLE `user_authentication`
  MODIFY `id` int(5) NOT NULL AUTO_INCREMENT, AUTO_INCREMENT=48;

--
-- AUTO_INCREMENT for table `vendor`
--
ALTER TABLE `vendor`
  MODIFY `id` int(10) NOT NULL AUTO_INCREMENT, AUTO_INCREMENT=5;
COMMIT;

/*!40101 SET CHARACTER_SET_CLIENT=@OLD_CHARACTER_SET_CLIENT */;
/*!40101 SET CHARACTER_SET_RESULTS=@OLD_CHARACTER_SET_RESULTS */;
/*!40101 SET COLLATION_CONNECTION=@OLD_COLLATION_CONNECTION */;
